n_wide_items,n_multi_dim_stress,spare_cap_x_n_near_vL
1,5,48578
3,8,17222
2,5,55131
3,6,34678
2,7,50076
3,7,37515
2,7,29586
2,7,37878
2,6,19525
1,4,48048
0,4,66534
1,7,34782
1,6,20838
1,4,40022
2,7,49200
1,3,45246
1,6,37284
3,8,25268
1,7,22230
0,4,48232
1,6,42134
3,3,0
2,3,61005
0,5,41346
2,6,26148
0,3,0
0,1,0
3,6,56370
3,4,0
2,9,21896
2,6,21888
1,6,41664
1,2,33976
0,6,52374
3,6,22708
2,4,35960
3,4,21912
4,4,31896
4,7,26805
0,7,33207
1,5,34364
0,9,27900
3,6,0
4,7,12079
0,6,52456
2,6,30362
3,5,33670
1,9,22915
1,3,51128
2,6,36366
3,5,45672
1,4,22824
1,4,43100
1,6,27132
2,8,17406
3,6,46152
2,7,45963
1,5,18456
2,6,44451
4,4,0
1,5,60552
1,5,28610
2,6,13267
2,6,32932
2,6,26320
2,9,5340
2,6,17846
0,7,34984
2,5,40810
3,5,55476
0,5,40076
0,10,14631
1,10,-18872
1,5,53130
1,6,44064
1,5,52512
0,7,30639
1,7,38796
1,5,42294
0,5,24790
0,6,54942
2,7,18376
1,7,28560
3,5,25196
1,8,23124
2,2,48762
1,6,29140
0,9,24658
0,6,48594
1,5,59934
2,3,40026
2,6,49077
1,5,0
0,5,60210
0,1,41160
0,6,33860
3,9,14756
0,7,39270
0,9,40765
2,3,38314
1,5,37968
1,7,23096
1,5,49500
0,5,32014
3,7,22446
2,6,23600
3,7,35253
3,7,34635
0,3,69678
1,1,38344
2,5,20512
0,7,26559
2,11,-292
2,4,0
3,8,25212
0,3,29341
1,5,37556
0,1,40954
2,7,45345
1,6,32244
0,8,43407
1,4,62604
3,5,16942
0,3,0
0,2,36586
0,5,68046
0,2,0
0,5,42596
2,6,36984
0,4,73314
1,1,0
4,7,15470
0,2,0
3,6,33741
1,2,0
3,6,35224
1,5,35456
0,8,44548
2,6,33344
0,4,60603
2,7,26850
2,4,19254
1,5,37600
0,8,45372
3,4,0
3,5,0
1,7,45556
2,6,16144
0,5,50862
1,6,51900
2,3,34272
1,3,26998
2,7,33405
0,3,26331
1,4,33210
1,3,24057
4,6,18128
3,7,20734
0,5,49820
2,8,27075
0,9,36485
2,8,24028
1,7,43208
0,1,0
0,6,28518
0,8,26582
2,8,24362
1,6,31832
1,0,0
2,6,29848
3,7,27558
2,6,48015
2,7,42747
0,5,51579
1,5,15579
2,7,13532
0,7,48675
1,5,30744
3,10,-2640
1,2,25813
0,4,46714
5,10,-7036
0,5,43008
0,2,36792
2,6,38322
0,6,39663
0,1,36288
4,7,20418
2,5,32336
0,6,34272
0,0,40656
0,8,33394
0,1,0
0,8,62605
3,3,21408
3,3,0
2,8,31053
1,6,39056
1,1,37384
0,4,42478
1,7,18924
2,9,22156
1,3,68064
3,7,14453
0,2,33180
3,7,24417
0,4,0
1,5,71128
1,6,54762
3,8,29246
3,6,14391
0,8,58996
3,4,21706
1,7,37989
0,4,80376
0,5,51480
0,3,52514
2,4,25276
1,9,2024
1,4,62796
1,4,26140
1,7,29944
1,2,53982
3,5,42765
1,5,22886
1,7,36228
0,8,49545
0,9,41524
2,3,50787
0,6,25798
3,7,31712
3,5,37198
0,9,27076
3,4,18300
1,6,26720
2,6,38859
2,8,40976
2,5,37284
0,9,30303
1,6,15844
2,12,-37625
1,5,35868
1,9,13620
0,6,38932
0,4,66852
0,2,32349
0,1,36717
0,1,64746
3,10,12876
0,6,41084
0,8,17535
0,10,14645
1,8,25736
2,7,27874
0,6,25386
3,6,36936
4,6,34908
2,8,29643
1,5,49716
4,7,23944
4,4,19096
0,5,47499
1,7,31622
4,6,48540
2,6,41952
2,8,30652
2,6,20381
1,6,20539
2,9,8177
1,8,13559
1,3,58617
1,2,31099
4,8,9454
4,11,-21736
3,7,26488
1,4,0
2,9,19115
1,5,25763
1,6,34876
1,10,6801
2,11,-9345
2,7,34023
0,5,35834
1,7,31440
1,5,32652
0,3,28485
3,5,21179
1,7,23508
0,4,0
3,9,15650
0,6,55880
1,8,0
0,6,42231
1,9,-5184
2,3,24978
5,7,32394
1,6,52893
1,6,79655
2,5,0
3,8,20343
2,6,31740
2,8,11652
2,4,23370
2,8,14160
1,1,33978
0,1,33411
0,6,28106
0,0,0
2,8,9640
0,2,0
3,10,2590
2,11,-7748
2,7,13152
0,5,55335
2,7,21626
2,4,29578
1,6,34088
2,5,26066
2,7,35127
0,6,35330
2,7,35973
3,7,10023
1,5,39312
3,6,56988
2,7,8899
2,4,25536
2,7,36591
2,7,17584
1,6,40026
1,7,20404
1,5,57168
1,6,29190
3,7,17498
1,6,64104
2,4,47901
4,5,23160
1,5,57336
3,9,17432
3,7,45352
2,7,10920
2,7,15157
3,6,31182
2,8,22634
2,9,-9240
2,7,18680
2,5,22193
2,3,20741
1,7,37376
0,1,29174
2,7,13044
3,6,16460
2,9,6556
4,8,6734
2,6,32074
0,7,71385
2,8,18114
1,7,11476
2,7,17384
0,5,34534
3,6,24934
3,6,12574
1,8,28084
2,5,52104
0,6,46311
1,6,11211
2,7,25755
4,8,15208
2,8,9164
1,6,23916
1,6,19874
1,8,24885
2,4,48519
2,5,20258
1,7,51164
0,3,28691
1,2,59864
2,11,-17340
1,4,81669
2,10,-30750
2,8,20919
0,4,44570
0,4,53823
4,11,-38684
2,3,0
3,9,19950
1,4,53802
5,11,-24508
4,10,10797
2,7,23880
2,7,23262
2,7,9110
1,6,13232
0,5,61698
2,7,26142
1,6,44544
2,5,14886
2,9,23504
2,9,17949
2,7,25730
1,4,39574
0,5,34122
2,7,24196
1,6,43926
1,6,22008
2,4,37683
1,8,44755
1,3,78276
0,5,21711
0,3,76275
2,10,-21
0,2,58530
1,9,19438
0,8,16375
0,9,17846
1,2,23792
0,9,27735
0,8,26170
2,7,32954
1,6,28820
1,5,42680
2,6,39408
4,8,7711
0,5,73352
2,4,0
3,8,37490
2,7,13278
0,3,84324
2,10,8674
0,2,74763
1,6,33978
3,6,16811
3,7,15594
2,8,36096
2,5,60735
3,7,7146
4,7,35436
2,2,0
2,7,24608
1,6,29232
1,4,59040
1,6,39408
2,5,27224
1,5,79084
1,6,37225
1,3,0
1,5,0
1,7,31060
1,6,19206
1,6,40208
1,10,7082
1,2,77151
3,7,15696
2,2,0
3,10,-17156
3,7,11744
5,11,-5349
4,10,9746
1,2,45036
4,7,26172
0,1,37548
2,8,26612
1,9,-7784
1,7,31490
1,5,40539
2,11,-15785
1,6,45552
1,4,66492
0,4,60942
1,8,17792
1,3,74190
2,6,26120
0,4,83800
0,5,44720
1,5,65223
4,6,26434
1,5,37084
0,3,57018
4,9,10008
1,2,53510
1,4,61086
0,3,54036
1,10,-1924
1,7,30928
1,5,21526
3,10,3666
4,11,-3270
1,0,32849
1,5,44424
4,6,19094
1,6,44232
1,3,0
2,10,-12364
0,1,0
1,8,2664
0,2,74228
2,9,17187
0,5,24588
0,6,13731
2,10,-6384
0,1,35432
4,6,27568
1,5,52464
4,11,-15981
1,0,37086
3,7,20714
0,5,44740
3,5,18565
1,5,41126
2,4,21745
4,8,4834
3,9,18256
1,5,14465
1,1,28481
3,6,29661
1,8,35577
1,3,21445
4,8,980
3,6,28462
2,5,16646
2,6,0
3,6,25128
3,3,32886
0,4,53456
3,7,46176
1,1,37590
2,10,-1485
2,10,-8940
0,2,31493
1,3,0
4,9,718
1,3,54064
4,12,-16374
2,8,18980
0,4,24513
2,8,12232
0,8,28294
2,4,45333
1,7,51988
2,5,20052
2,7,0
1,5,79908
2,7,13072
1,2,60276
2,10,8733
1,8,31092
2,7,33082
0,5,38151
1,6,22005
1,3,60272
1,4,68052
1,8,13148
0,3,58680
2,10,6327
2,7,20694
2,11,-29836
2,7,13136
4,9,1980
5,10,-23984
4,9,4703
3,8,10085
2,4,51918
4,12,-39208
1,0,0
3,11,-228
3,8,24411
0,2,0
1,1,0
1,4,52090
2,8,21012
1,1,0
1,6,38130
3,9,9540
0,3,59738
1,7,34839
1,4,21774
2,8,45100
0,5,56404
2,9,7666
0,4,0
2,10,-10857
0,2,65754
2,10,1450
1,9,12214
1,3,69453
1,6,28640
1,6,44814
0,5,20976
1,6,18518
1,3,26731
3,5,18298
2,7,27279
3,8,9748
2,1,27467
0,5,45778
1,5,55779
2,7,28912
2,10,17180
3,8,25280
0,4,26729
1,6,59012
2,6,18296
1,3,49828
2,9,24405
0,2,33709
1,3,28752
2,8,10083
0,4,51794
2,8,15410
0,4,64659
1,7,26174
1,5,48513
1,4,42600
1,8,23874
0,3,27956
2,9,5208
2,9,-1916
0,3,29737
2,9,11595
0,3,50786
1,8,27741
1,5,52380
1,7,23596
2,8,15426
4,6,26619
1,7,34578
1,3,0
2,4,14125
1,5,0
1,6,11469
1,5,18299
1,4,27440
2,2,19323
2,3,6923
1,5,13570
1,6,14976
1,5,23697
1,5,31122
1,4,25135
0,5,19374
2,5,16044
0,4,25369
2,5,28362
1,4,38402
1,5,18216
1,5,48099
1,4,18489
0,5,18133
1,3,21372
1,7,11686
1,6,13824
1,1,0
2,5,17518
1,5,21594
0,5,20126
0,3,27056
1,5,44734
1,6,18102
1,5,13547
0,4,19488
2,5,13522
3,6,-7642
0,3,29578
2,5,12037
2,3,39716
1,7,23830
1,6,14431
1,4,18390
0,5,17733
3,4,10883
0,5,23620
0,4,0
1,6,11380
1,5,24097
0,1,0
1,4,0
2,5,30954
0,7,38456
0,3,25504
2,3,0
0,5,0
1,3,0
1,8,8446
3,6,8364
0,5,19291
2,4,27726
0,4,18285
1,3,20972
1,5,23808
1,6,12621
2,2,18171
1,8,-6099
0,3,27551
1,5,12818
1,6,28592
1,5,22945
1,4,24383
0,2,0
0,3,0
3,6,1016
1,6,13067
1,6,23552
0,6,43422
1,7,22982
1,6,10228
1,6,39554
0,3,30521
1,5,0
1,5,0
1,4,16058
0,4,24311
1,4,0
1,4,21244
1,5,21504
2,3,13328
1,4,23983
1,5,21895
1,5,23005
0,5,0
2,6,21522
2,8,4614
0,3,26799
0,5,20526
1,5,12795
2,5,11637
1,7,23030
1,4,0
0,4,20315
1,6,25820
2,2,14677
0,6,44936
1,5,50691
2,4,0
0,5,0
0,5,38406
2,5,7906
2,6,13508
0,2,0
0,5,24772
0,4,23766
2,4,22940
1,4,20704
0,6,16886
0,4,22264
1,4,19542
2,5,24866
1,5,28518
0,3,21258
1,5,0
1,6,35364
0,4,24969
1,5,17064
1,7,15609
2,7,9879
0,4,0
1,3,24484
1,7,21526
0,3,25904
1,4,0
0,6,13207
0,0,0
0,6,11738
1,4,35432
1,2,28046
0,3,26399
0,3,20918
1,5,15142
1,7,14462
1,6,14260
2,5,11406
0,1,0
1,7,27546
1,5,29932
0,6,42088
0,7,49092
2,7,26
1,9,1752
2,5,20108
1,4,18134
0,7,29008
1,2,19131
1,7,32488
1,6,35198
1,5,14680
1,4,0
0,7,41076
0,6,41584
1,7,15520
0,6,39064
1,7,36948
0,5,40076
1,6,27840
2,3,16083
1,5,18383
0,3,25899
1,5,17381
1,3,0
0,8,42273
1,3,23265
3,5,7243
0,2,25710
1,4,22751
2,2,22919
0,2,38299
1,6,21138
0,5,23960
1,5,10351
0,6,48356
2,4,26758
0,6,19563
0,7,36822
0,6,40998
1,8,26542
0,5,15512
0,6,37378
0,4,22614
1,6,28006
2,4,16172
1,5,19511
1,4,39916
1,4,31728
2,2,18273
0,5,14271
2,2,17438
2,7,16220
2,5,21778
1,6,38466
2,4,32436
0,4,42952
1,5,15832
0,4,16861
1,5,20169
0,5,37606
1,7,16439
0,2,33946
1,7,7310
1,6,24279
1,6,19972
0,5,29114
0,6,48105
0,6,26416
1,2,0
1,3,22262
1,5,25248
1,7,8090
0,6,23934
2,7,6928
1,6,22023
0,6,31126
1,8,17250
2,5,17964
1,6,9845
2,3,10202
0,4,44886
1,6,15326
1,3,19838
1,7,16332
1,6,0
1,4,17270
1,4,17187
1,5,31922
1,6,0
0,5,16530
1,6,32100
1,5,19111
1,7,35336
0,4,21400
0,5,0
1,5,40894
0,4,0
1,6,19305
2,3,28754
0,6,33430
2,4,33236
0,2,32794
0,4,38028
1,5,31756
0,5,50872
0,4,17618
1,5,21321
0,6,14839
0,5,15028
1,7,8407
0,3,29183
2,4,14282
1,7,12086
1,4,0
1,4,42632
0,6,16593
2,3,32310
0,5,0
1,5,42430
1,5,0
0,6,34130
0,5,42924
1,6,16958
2,3,37412
1,3,19325
3,5,22836
1,4,28084
1,4,44360
1,6,16950
1,6,15709
1,7,5256
1,2,0
2,7,26322
2,3,9450
0,4,26121
1,7,10039
1,6,16528
0,7,26850
0,5,14645
0,5,18974
2,5,18764
1,6,30896
1,6,0
0,3,22070
1,5,26412
1,4,29110
1,5,17147
1,4,31378
2,5,25042
0,4,28664
1,7,19194
1,2,0
1,3,0
2,4,11898
0,2,0
0,2,0
1,4,0
0,5,40040
1,1,0
1,1,0
1,3,19008
2,4,14292
2,4,15952
2,6,10394
2,5,10885
0,6,12890
2,6,11204
1,5,18616
1,5,17464
0,5,47634
1,5,11432
1,4,0
0,6,21532
0,4,20632
1,7,11191
1,5,24564
0,4,18668
1,5,18388
0,5,18479
0,5,22881
1,5,13468
1,4,45594
1,5,33604
1,4,15946
2,5,8168
0,5,50992
0,6,18124
0,2,0
2,4,25244
1,8,1244
0,4,17361
0,2,0
0,3,0
0,4,27805
0,4,28957
1,6,8633
1,6,14719
1,5,13602
0,1,0
2,5,13254
0,6,35644
1,6,17681
0,4,0
2,5,16366
0,5,18885
2,3,15683
1,3,19003
1,5,13970
1,5,14709
1,3,23182
1,3,0
0,5,41700
0,3,0
0,3,0
1,7,10930
0,6,16910
1,5,26831
1,6,13279
2,7,6423
1,4,29859
1,6,41272
1,6,30310
1,1,33138
0,0,0
2,3,14931
1,6,19912
0,3,27658
2,8,-15285
0,2,30267
1,6,0
1,5,0
1,5,55696
1,5,0
0,4,13999
0,3,27951
0,3,24747
3,7,-6264
3,6,7574
1,5,20743
0,6,33340
1,8,16460
0,8,29907
0,5,40620
1,3,42312
1,2,28970
1,7,13289
1,2,0
2,5,0
1,7,26044
1,8,6370
2,6,4266
0,6,38850
0,7,25012
1,5,38024
1,4,0
0,3,0
1,5,28732
1,10,-34004
1,1,0
1,7,21312
0,3,0
1,1,0
2,4,0
1,7,12352
1,5,15461
1,4,18051
0,5,20990
0,4,19149
0,5,16847
1,4,41756
0,5,40442
1,5,46785
0,5,41076
0,5,48434
1,5,39058
0,6,37744
2,3,30424
0,7,58221
0,3,0
0,6,45736
1,5,17059
1,7,0
1,3,44616
1,4,36098
2,4,50070
2,4,52662
2,4,25878
1,5,0
1,4,20844
2,6,9747
1,4,12706
0,4,23478
0,5,49912
2,5,0
1,7,10579
1,5,0
0,5,41254
0,5,17711
1,5,0
2,5,11185
1,3,0
2,4,0
1,5,0
1,6,12667
1,5,10815
0,3,70262
1,5,83860
1,7,30936
1,7,23616
1,6,41858
1,7,0
1,8,11626
1,6,43706
1,6,34414
2,4,0
1,5,28818
1,6,4018
2,6,0
1,3,50570
2,5,0
1,4,43290
1,5,18490
3,7,-8397
0,2,37147
0,4,24630
1,6,12960
0,4,54914
1,6,0
0,0,0
0,5,52216
0,3,57774
1,7,0
1,5,29766
2,5,0
0,6,28452
1,6,0
0,7,44283
1,5,0
0,1,0
0,5,31962
1,5,0
1,4,0
0,6,29086
0,3,0
1,4,0
0,6,36444
1,5,16600
0,5,21390
0,6,62268
0,4,43952
1,5,0
2,4,0
0,5,17394
0,4,43302
1,5,25536
1,4,51075
1,7,14908
1,5,0
0,3,46812
1,5,19879
1,4,0
1,4,17565
0,4,0
1,6,0
0,3,55470
1,6,0
1,4,69807
2,4,7252
1,6,41296
0,5,66558
0,6,8590
0,2,37440
1,7,0
1,7,27564
1,6,41402
0,4,58282
1,6,0
1,6,32110
1,6,0
2,3,0
1,1,0
1,2,0
2,7,3914
2,7,1610
0,1,41832
0,1,42696
1,5,0
1,0,0
1,6,28800
1,7,9427
1,6,16346
0,5,17867
1,3,45468
2,2,46782
1,2,28017
1,6,18441
0,7,22020
1,6,14112
1,5,16200
2,2,48510
1,2,28881
0,7,20292
0,6,31826
0,7,27650
1,3,19907
1,7,35576
1,6,0
0,7,41511
2,1,21913
0,8,47301
0,8,37464
0,7,54765
1,5,46821
1,3,47196
1,6,20972
1,3,22662
0,7,19658
0,7,40560
0,8,36513
2,3,19134
0,6,44850
3,3,18119
2,2,23319
1,1,0
1,2,0
1,1,0
1,2,0
0,7,51348
0,6,24896
0,6,23168
0,6,45825
1,6,0
0,6,33554
0,6,58812
1,7,0
0,5,63102
1,2,24750
2,6,5418
1,1,0
1,4,0
2,5,7506
1,2,0
1,3,52874
1,6,54916
1,4,0
1,6,59880
1,2,0
1,6,18548
0,6,24682
1,5,25467
0,3,33907
1,9,-6036
1,8,150
1,8,22785
0,5,85305
0,5,88761
1,9,4800
0,3,0
1,9,-9138
0,3,0
1,8,28062
0,6,53382
1,6,0
1,3,16781
2,5,0
1,2,24017
2,5,8658
0,6,35858
2,3,34038
1,2,25902
1,7,24546
2,1,26559
0,8,22575
1,1,0
1,8,11596
0,8,33363
0,7,27840
2,2,13842
0,8,23526
2,3,12404
1,9,18963
0,7,40827
0,8,34563
2,2,20564
0,7,52548
0,7,21386
0,7,28578
1,8,18978
1,8,30180
1,9,32901
0,8,48501
1,4,18477
0,6,56838
1,6,42531
1,3,18983
2,1,21078
1,6,0
1,7,18201
2,3,0
0,6,45801
2,2,19640
1,8,36948
2,4,17462
2,1,25407
1,4,72399
0,7,10844
0,3,35059
0,6,7726
0,4,63206
1,8,-714
0,4,65510
0,4,20640
1,7,34336
0,5,13721
0,6,70776
1,9,7305
1,4,9862
2,5,0
1,6,22700
1,7,38484
1,2,20421
0,6,55638
0,7,41778
0,5,50115
1,6,32706
1,5,54414
0,4,21507
1,8,18764
0,3,28426
1,9,4926
1,9,-8340
1,8,4767
1,8,9536
0,5,40254
1,7,5281
1,7,4129
0,6,50877
0,6,67320
0,3,0
0,7,16182
0,6,36939
1,6,0
1,3,0
2,4,21058
2,5,14139
0,2,0
1,6,24586
1,3,27828
0,6,17124
0,5,10866
1,7,40046
0,2,0
1,10,21981
1,2,22497
1,7,34761
1,8,-1060
0,4,31419
0,1,36034
1,11,-10290
0,6,50660
1,2,21256
1,4,47352
1,5,18300
2,3,0
1,4,19339
0,7,29378
1,0,0
1,7,9067
1,2,0
2,5,9058
2,6,1822
1,7,6510
0,5,27634
0,5,17507
0,5,0
1,6,42780
0,2,0
0,7,28794
2,7,-1818
0,6,42632
1,5,12813
1,3,25641
2,4,0
2,4,10088
1,5,15237
1,9,-6882
1,3,0
0,7,35566
1,4,16346
0,7,13168
1,4,41922
1,3,18016
1,8,12799
0,3,42660
2,4,27558
0,4,30670
3,5,7643
1,4,0
1,5,17352
1,5,0
1,2,0
2,4,0
0,4,51386
1,1,0
2,6,9430
1,10,-11172
0,1,0
1,8,2166
1,2,30122
1,4,22473
1,6,25113
1,7,41238
0,4,0
0,6,39640
2,4,22048
1,4,0
1,0,0
2,7,2511
1,4,0
1,6,31544
1,4,39436
0,7,31425
2,2,0
0,2,0
1,6,24441
1,4,22697
1,9,2520
0,2,0
1,7,17196
0,4,33866
2,5,18042
0,6,42846
1,5,12706
0,5,24484
1,6,19290
1,5,19975
0,6,28308
0,5,37102
1,6,33828
0,5,17215
1,5,10636
0,4,30874
1,6,31346
2,3,17324
1,4,40716
2,5,12639
0,4,24241
1,7,19776
1,9,10230
0,2,0
1,10,-7755
0,1,0
0,4,22552
0,6,13975
0,4,20855
2,6,23836
1,2,0
2,7,11846
1,2,27074
1,4,37550
1,5,51078
2,6,17026
1,7,7069
1,6,15978
0,2,0
1,7,5917
0,4,56424
1,5,19218
0,6,29822
1,3,0
1,5,25150
1,5,20375
0,7,23332
0,5,46748
2,6,-5294
0,4,0
1,3,0
0,4,0
1,5,46404
0,5,0
2,7,16035
0,3,0
1,7,27134
1,2,0
1,6,38034
1,3,43582
0,3,0
0,3,0
1,7,30754
0,2,0
1,8,16916
2,6,27266
2,10,-27128
1,1,0
2,3,12176
0,4,22659
0,3,0
2,8,10545
2,5,32446
1,6,31132
1,7,48303
0,5,0
0,5,0
1,6,31766
0,4,0
1,8,25574
2,8,24483
1,9,39966
0,2,0
1,7,37742
0,3,0
1,7,29084
0,3,0
1,8,26208
0,2,0
1,5,34476
0,6,33162
0,6,41154
1,4,0
0,5,36672
0,6,33796
1,4,0
2,6,11102
1,7,10445
2,7,11638
1,7,14441
0,3,23149
1,6,16529
0,4,25390
1,7,10762
2,6,11966
1,7,11309
2,7,13366
1,8,23688
1,7,15305
0,3,22285
0,4,20197
1,6,13064
0,4,24526
1,7,11626
0,3,25964
1,7,12550
0,3,25040
2,6,24876
1,7,23562
2,7,21465
1,7,31554
0,3,0
1,6,35730
0,4,0
0,4,0
1,7,24196
2,7,26888
1,2,0
1,3,0
1,2,0
1,2,0
0,3,0
0,4,0
0,4,0
2,6,32820
1,6,35865
1,3,13591
1,4,15832
1,3,17270
1,8,21960
0,4,18752
0,5,16664
0,5,20993
1,6,39124
1,5,0
0,4,21061
1,6,17393
1,4,11503
1,5,34642
1,6,27072
0,4,0
0,3,26828
0,3,0
0,4,22431
1,6,33614
1,8,28056
0,3,0
1,3,16346
2,6,17974
3,7,-8625
2,5,41738
0,4,26228
2,7,11852
1,4,44146
2,5,30633
2,9,-10842
1,2,31613
1,7,30968
2,4,25030
2,9,1816
0,4,0
0,4,0
1,6,25858
0,3,0
1,7,12020
1,6,48416
0,4,0
1,6,46112
1,6,35150
0,3,0
1,6,0
0,4,65296
1,6,0
0,4,62992
1,6,0
1,7,2638
0,3,34952
1,7,3790
1,7,9271
0,3,28319
1,8,12206
1,2,0
1,5,29618
1,2,0
1,5,18656
1,6,4818
1,3,0
1,4,46394
1,3,0
1,3,0
2,4,-224
2,4,928
2,4,6409
1,5,45604
0,5,0
0,3,0
0,4,19909
1,6,18545
0,4,19045
2,7,17596
1,3,0
1,8,16282
0,4,0
1,4,10351
1,9,26028
0,2,0
1,8,24274
1,7,28450
0,3,0
1,7,19792
1,4,37336
1,5,40155
0,5,44014
0,4,48190
1,6,0
0,4,39532
1,6,0
0,5,36656
1,6,31778
0,7,30464
1,7,31818
1,4,0
0,6,33974
1,4,0
0,7,31098
1,3,0
0,5,45330
1,5,0
1,5,14411
1,6,18256
0,6,17750
1,4,19840
0,5,19838
1,5,17752
0,5,15509
1,5,22081
0,6,14071
1,4,23519
2,4,0
2,3,0
0,5,36022
0,6,13754
1,4,0
1,5,0
1,5,0
1,4,0
2,4,11146
1,3,23332
2,4,14825
1,5,16307
1,5,19986
1,3,0
1,6,14219
2,5,13387
1,5,0
1,5,22864
2,6,-1290
1,4,46628
1,5,32156
2,6,12648
1,7,2270
1,6,16742
0,5,20233
1,8,-3507
1,3,24377
1,9,-17348
1,5,0
0,5,41710
1,5,0
0,5,30748
1,4,0
0,5,53306
1,5,0
0,5,51002
1,5,0
0,6,26202
0,4,52030
0,5,38192
0,3,33800
1,6,16190
2,3,0
2,3,0
2,2,0
2,4,0
1,4,44090
2,4,0
1,5,19290
3,5,-2669
3,5,3964
0,4,50494
1,6,22486
0,1,0
0,7,21172
1,7,17880
0,7,29164
1,4,0
1,3,0
0,7,21806
1,1,60030
1,2,45814
1,2,18224
1,4,71030
2,3,33312
1,3,16485
2,2,44898
1,4,19478
3,4,64107
1,2,56433
2,4,5977
1,4,40886
1,2,0
1,4,19566
2,2,24515
4,4,5621
1,3,24748
3,3,47622
1,2,20209
3,4,10579
2,1,0
2,2,19518
0,1,68654
3,2,20892
4,5,13146
1,5,29466
1,4,13835
2,2,23490
0,0,40117
1,1,21948
3,7,13086
4,3,9345
3,6,16349
3,5,17559
3,6,27106
5,6,5806
3,6,14319
2,5,16525
2,1,17535
1,2,33825
1,3,85790
2,2,13811
2,5,2253
1,3,52260
1,2,0
3,4,23004
1,3,83808
3,5,15758
3,4,29434
1,4,67785
1,3,46874
3,5,38026
1,2,53724
2,4,25310
0,1,36877
1,1,60546
1,3,24866
3,4,50842
1,3,77505
2,2,41442
1,3,17257
2,3,38418
1,1,66056
0,0,29413
3,5,20823
4,4,17055
2,3,20565
3,4,67875
3,4,37344
2,1,28239
1,1,64002
0,1,36393
1,4,15506
2,3,35538
4,5,35451
2,3,10657
2,2,14541
2,3,31020
2,3,56448
2,2,25245
1,3,25466
1,4,11805
1,3,26233
0,0,38087
1,3,17559
3,7,-4866
2,4,23280
1,4,80180
2,2,0
2,3,11116
3,3,10352
1,2,94635
5,4,21860
2,2,75438
2,3,34938
3,7,16542
4,7,6797
0,0,42204
0,1,39210
3,5,25352
0,0,0
2,2,40926
4,5,13630
1,3,46276
4,4,20038
0,3,29078
1,2,55888
2,2,52698
3,6,18872
1,1,53262
1,1,30565
3,6,23046
3,5,18999
1,3,46845
1,2,50475
1,2,56565
3,5,19771
3,5,18043
2,2,43326
1,2,50268
2,3,18330
1,2,32316
0,2,22796
1,2,28143
4,6,34002
1,4,22509
2,2,31927
3,4,18944
1,3,22356
4,7,10408
3,2,29610
1,3,45393
2,4,34056
2,2,23517
1,1,34067
2,3,22005
0,1,26520
1,2,18954
2,4,25568
1,2,67222
1,2,56554
3,5,33350
2,2,97344
1,2,65937
1,2,107052
2,5,12957
2,3,21521
2,2,23559
0,1,0
1,2,82587
1,3,25146
1,4,47926
4,3,23278
4,3,20049
1,2,88677
4,7,19962
1,2,51381
2,5,0
3,3,46080
2,2,40724
0,0,0
3,5,6855
2,6,13632
1,3,95076
3,7,20514
1,2,54642
1,2,49664
0,1,0
1,2,46782
2,2,58626
1,2,38862
2,6,15618
4,6,11936
1,4,39426
2,2,0
2,3,52388
2,3,44019
4,6,9906
1,3,42525
2,1,46712
2,2,0
4,6,31134
3,7,21118
3,6,0
1,3,57258
4,6,11634
1,3,44364
2,3,59319
4,7,25146
0,2,21840
4,5,14586
1,1,37911
1,0,0
3,3,16987
2,6,28272
0,3,27092
3,3,32822
2,3,0
3,6,3615
3,7,17058
4,7,4767
2,3,47064
3,5,37322
4,4,27966
0,1,35437
0,1,24490
2,4,18096
0,2,21068
0,1,24792
0,2,85914
2,4,39702
2,3,77424
2,4,25984
4,4,24546
4,3,18019
4,5,21070
0,3,0
4,5,27298
2,4,74760
1,3,72321
1,2,63766
3,4,62691
3,5,52484
1,3,19287
5,4,452
3,3,25877
3,3,47556
2,4,45028
1,2,20497
0,2,0
3,3,44166
3,6,40347
2,3,0
2,4,30970
4,4,22782
3,3,33426
0,2,0
1,4,64917
2,3,16300
3,5,52935
3,3,7878
2,4,38116
4,7,-2465
4,5,30267
2,4,28776
3,4,34908
1,3,55374
1,5,46953
1,4,22934
2,3,52476
2,2,34014
1,3,78279
2,4,55540
3,4,44240
2,3,33478
1,3,18213
4,5,13062
1,5,40954
3,4,52833
2,4,13190
0,1,28506
0,0,0
2,4,18409
2,3,19491
2,3,14874
1,4,15563
3,4,40434
4,4,60984
0,2,21550
2,3,63564
2,2,16084
2,3,19835
1,4,36916
2,3,42816
2,4,23582
1,4,40370
3,4,64881
1,3,42820
1,2,53098
1,3,88164
3,4,40174
2,4,18281
1,3,24868
2,4,9735
2,4,60888
1,2,65310
2,2,0
1,2,0
0,1,0
1,4,48402
3,5,22320
3,3,7488
0,2,34530
3,4,4248
1,3,27961
2,3,16042
2,3,33390
3,5,49203
3,5,44883
1,2,21937
1,1,97356
2,3,27306
3,3,54834
2,4,32847
1,2,83493
1,3,28922
3,4,67380
1,0,35704
2,3,12844
4,4,45684
3,4,58923
1,2,91792
2,3,33276
1,2,70182
1,0,0
1,2,35146
2,3,23548
1,4,24237
2,2,40838
3,3,34852
2,4,48147
1,2,18769
1,2,35402
2,3,49020
2,4,61892
0,1,37224
3,4,45474
1,3,28322
1,4,46086
3,4,31995
4,5,57120
2,3,19793
2,4,0
4,5,13331
2,2,22787
1,1,0
2,3,12385
1,4,39796
2,2,0
2,5,58200
1,3,69453
3,4,2904
0,2,63468
3,3,50550
3,3,39292
2,2,58396
3,5,27504
4,5,14265
3,4,59032
2,3,41526
3,4,26811
1,3,15529
3,5,9067
1,4,13533
3,5,47751
3,3,50774
1,3,32982
2,2,22485
1,3,33362
0,2,0
3,4,48354
3,5,54387
1,3,50074
1,3,47194
2,4,16841
2,3,44846
1,4,23022
1,3,25442
4,4,35730
2,4,27490
3,5,50067
3,4,74292
1,3,73773
3,4,13747
2,3,10817
2,2,39264
1,3,29414
3,5,62316
0,3,0
2,2,0
2,3,14572
3,4,26460
1,2,0
1,2,21453
1,4,24846
3,3,22893
1,4,86245
4,5,50208
0,1,64682
1,4,18962
2,3,33994
3,5,55404
1,2,52494
1,2,0
2,3,21275
2,2,17524
3,3,67602
4,3,46008
3,3,73863
1,1,74670
2,4,34866
1,2,77403
2,3,82968
2,3,54837
1,2,100140
1,3,42216
3,5,29896
2,2,70254
1,4,44342
2,4,43032
4,4,16325
2,5,43168
0,3,29304
0,2,43972
1,3,20808
2,3,25578
2,3,0
2,2,0
5,4,26904
4,3,18321
3,2,0
4,3,0
1,4,73268
2,4,28090
2,4,7705
2,3,37450
0,2,35486
0,1,0
1,3,29991
0,0,27383
0,2,0
1,1,40588
1,2,34108
2,3,25276
2,2,29342
1,3,28808
2,1,31762
2,2,21484
0,2,32734
1,1,19730
0,1,42694
0,2,20419
1,3,59946
2,3,80372
2,3,16602
1,2,52060
1,2,74886
2,3,14130
1,4,40725
1,3,32294
2,3,29904
1,5,32046
2,4,24118
3,4,47386
2,5,43172
2,4,63728
3,5,27528
1,4,33460
1,3,43738
2,4,15113
2,3,32082
3,5,30814
1,5,30436
1,2,31228
1,3,46156
2,4,22626
1,3,56142
3,4,17754
2,5,13601
1,1,52494
1,2,38282
2,5,18130
2,3,17805
1,2,43512
0,2,36706
1,3,65904
3,4,36510
2,3,31478
1,3,30720
2,4,29058
2,3,38658
3,4,40416
4,5,19158
2,2,0
2,4,9575
1,2,43644
2,3,34415
4,5,45174
3,4,878
0,2,33456
3,4,-7071
0,1,0
1,5,26376
2,1,35822
1,4,35736
0,3,30216
3,3,2649
3,4,-19628
1,4,60993
0,3,55420
2,6,15085
2,5,38485
2,6,6445
1,4,77605
1,2,38168
2,4,24030
2,5,21610
0,1,24143
3,5,20868
1,2,55516
2,4,6682
2,4,27486
1,3,27834
2,5,18807
2,3,37556
3,5,25520
1,2,30652
2,4,24634
3,4,17728
4,6,11710
2,2,25282
2,3,15004
1,2,42774
1,3,33792
1,3,26660
1,3,33924
1,3,60852
1,4,32856
2,4,37380
1,4,54864
1,2,37554
3,4,30402
2,2,56427
1,3,55626
2,4,16595
1,3,58494
1,3,77624
0,2,50686
2,2,53442
0,3,63843
1,3,48068
2,2,19495
1,1,60060
1,4,57225
1,4,15508
2,4,6137
2,3,0
3,3,0
1,2,64482
3,4,27522
4,4,17778
3,4,37953
1,2,43326
3,4,45096
2,4,37762
1,1,66321
2,2,46690
3,6,20536
0,3,44782
1,4,47463
2,3,36412
2,2,30702
1,3,76864
3,5,19504
2,4,23916
2,2,21582
4,6,8651
1,4,64888
2,3,18588
2,3,18107
1,2,42358
3,4,44294
3,4,22723
4,6,29128
3,5,29894
2,3,52797
2,4,38757
0,2,61320
2,2,62517
2,3,48477
3,4,19821
2,6,18297
2,5,32337
1,2,46496
2,3,27392
2,3,32700
1,3,28917
2,4,20440
2,6,12012
2,2,21472
5,5,17544
5,5,17928
3,2,0
2,4,19076
4,4,0
4,4,13641
4,5,15702
3,3,0
4,4,0
1,3,46167
1,3,66036
3,3,29366
1,2,69666
3,4,26946
0,2,54142
4,4,28872
1,3,49730
3,3,35490
2,4,61585
2,2,0
3,3,36882
1,3,54762
3,5,35376
1,1,49806
2,3,46707
4,3,24600
1,4,45906
3,4,24066
2,4,31290
4,4,14322
1,3,68744
3,3,41751
1,4,56768
3,4,32769
1,4,48774
3,4,25978
2,3,77785
4,4,34056
1,2,45316
3,4,25492
3,4,32040
3,4,39136
3,3,40674
1,4,42282
2,3,9131
2,4,71735
2,4,68800
4,5,11645
1,2,40446
2,5,34107
3,2,0
4,3,28056
2,3,41010
1,3,35038
2,4,30626
1,3,25786
1,2,81704
0,2,72825
1,3,66207
2,4,29979
2,3,0
2,3,0
2,2,0
2,4,18215
2,3,0
0,1,43274
1,2,48976
3,4,24141
3,5,-2695
0,1,0
0,4,45480
0,3,0
3,4,13505
1,5,36894
2,4,24264
2,7,-6708
1,6,31500
1,6,32013
0,3,34612
0,3,20102
0,1,0
2,5,-6556
1,4,31652
4,4,28518
3,5,41466
1,3,43134
2,4,14811
1,4,51996
3,3,17289
0,3,46694
1,3,69728
1,3,46274
1,2,57339
2,4,49524
1,4,40714
3,3,46935
4,4,54894
0,2,36794
3,3,27691
3,4,24451
0,2,0
1,4,43374
1,3,27477
1,2,31201
2,5,11304
1,1,55856
2,2,36752
1,5,32922
0,2,0
2,5,356
4,3,0
4,5,17614
1,3,32998
1,1,45746
2,1,40980
2,3,40904
1,1,67154
2,2,79464
2,4,20414
2,2,84648
2,3,26894
2,3,74928
2,2,21223
0,3,51960
3,6,-21315
1,4,56673
2,3,30272
5,4,31968
5,5,19464
5,6,4568
2,1,62388
3,2,43284
2,5,11912
3,2,56538
2,4,0
3,3,52224
3,4,37328
3,6,-4328
2,1,65844
2,5,14776
2,5,10184
3,2,61722
3,3,59136
2,4,30258
1,3,56694
2,4,14906
1,3,49362
2,4,28038
2,3,23438
4,5,-787
2,5,28068
1,2,59979
3,5,16002
2,4,34299
1,2,56210
2,3,40536
2,4,13178
3,3,52740
2,4,23764
1,2,32641
1,2,0
1,4,63315
3,4,0
2,3,76788
2,4,0
1,2,18683
0,0,74642
2,5,14685
1,2,72675
2,4,50076
0,2,31954
4,5,941
1,2,89451
1,3,13544
4,4,51642
3,5,0
0,3,28230
1,3,22402
2,3,0
3,4,75324
1,3,32382
2,3,81760
3,5,10272
0,3,52328
0,2,31770
3,2,46740
1,2,59690
2,3,37632
2,3,29034
1,3,53790
2,3,20019
3,6,-1344
2,2,23259
3,4,25860
1,3,50334
2,2,47352
2,4,25794
2,3,23064
2,4,0
3,3,9408
3,5,12546
3,4,0
2,3,69876
2,3,69744
3,4,0
2,3,27060
3,5,37410
3,4,21432
2,3,0
2,4,15090
4,5,0
1,2,108084
1,2,27541
0,3,56388
1,4,73236
0,2,30226
2,5,18232
2,4,34548
2,4,34686
3,5,18203
2,2,37665
2,3,34446
2,2,28228
2,5,22616
3,2,24426
2,3,0
1,3,66945
3,6,12741
1,2,49752
3,5,15444
0,2,62376
3,5,17376
0,0,0
4,6,1344
1,2,30913
2,5,39640
3,2,21876
2,3,44964
2,4,26340
2,2,0
1,5,46396
1,2,38298
0,1,0
1,3,75411
4,4,7110
1,2,61854
3,5,20727
2,4,63756
1,3,27189
1,4,46254
2,3,31566
2,3,24504
1,3,52242
2,4,19365
1,3,27354
2,4,66864
1,4,39402
1,4,55773
2,3,39936
2,4,17325
1,3,48162
2,5,20040
0,3,17526
1,4,61695
0,4,23550
3,3,32940
1,3,23817
2,4,45279
0,3,50868
3,4,26952
1,4,18678
2,3,60696
3,6,29962
1,4,24934
1,4,42886
1,5,36982
1,5,52143
2,4,37516
1,4,61125
2,3,18535
2,5,27238
1,2,50582
2,2,37352
1,3,51897
2,3,31364
1,2,67314
3,5,32382
4,4,15369
3,5,27984
3,4,38262
2,2,12855
1,3,22956
2,3,9861
2,5,62024
2,4,58068
3,4,38700
2,3,78624
0,3,26502
2,2,21831
1,3,40908
2,3,18837
1,2,51186
2,3,20319
0,4,44880
2,2,21529
3,3,47682
1,4,37884
1,3,40304
2,4,25578
1,3,64755
4,5,12375
1,3,58635
2,4,29658
1,2,33234
0,1,0
4,6,-6776
1,3,40209
0,2,31772
4,5,18246
1,4,30489
1,4,62601
0,3,28532
2,5,12296
2,5,55112
1,5,43185
1,2,28928
2,5,29946
1,2,0
2,5,28744
1,3,42304
2,4,35516
1,3,23948
2,4,44886
2,4,26998
1,3,50822
1,4,35824
2,3,41996
1,4,20708
2,3,54606
3,6,2480
3,5,19230
0,2,32500
2,5,32469
1,2,28087
3,3,24462
2,3,30060
2,3,28896
2,3,62172
3,3,0
2,3,71712
5,5,-16440
0,1,0
5,4,5040
0,2,32802
4,4,18279
1,2,28389
1,3,48762
1,4,46342
3,6,25902
1,4,20874
2,5,53904
1,4,38826
0,0,38389
1,5,46053
2,4,33456
1,4,55035
2,5,23178
1,3,18443
1,4,51021
1,7,28700
1,4,8931
0,3,45318
0,5,59092
0,4,91508
0,4,67299
0,6,65235
0,6,44540
1,3,17783
0,4,47619
0,4,83108
2,6,44328
2,4,18550
1,6,8613
1,4,18750
0,3,38640
0,4,54315
0,4,51435
1,4,23206
1,4,66819
0,6,58570
1,4,27850
0,1,36022
1,6,21592
0,5,65816
0,6,59516
0,5,71595
1,6,25520
0,2,26410
0,1,0
1,3,9783
1,4,31304
0,3,47560
1,5,49220
1,5,37388
1,3,32564
1,6,9960
1,3,66429
0,4,60615
1,3,19403
0,6,39025
2,6,18088
1,5,49956
1,5,45488
1,5,20458
0,6,71510
1,5,18723
1,6,49245
1,5,46116
0,5,56100
1,2,20673
0,7,18365
1,4,25184
0,5,35298
0,7,51165
1,4,29384
1,4,30730
1,4,30774
1,5,32784
1,5,63745
1,3,60129
2,4,16630
0,3,69855
1,5,84596
0,0,0
1,6,34645
0,5,53460
0,5,68228
0,5,95630
1,4,28064
0,4,47985
0,5,54309
1,2,14113
0,2,35930
1,3,31610
1,3,27410
1,4,55020
0,7,39555
1,2,0
2,5,24819
1,3,62109
1,7,64404
0,3,43340
1,6,39625
1,4,11031
0,4,79268
1,4,27176
0,4,69831
1,5,42030
1,6,31630
1,5,66396
1,6,70905
0,5,37940
1,6,-8088
0,4,60999
1,5,17578
0,5,35620
1,7,25044
1,4,48720
1,6,32960
0,4,70386
1,4,26086
0,4,66387
1,5,42720
2,4,36228
2,5,20820
0,6,66565
0,2,62564
2,7,-8120
2,8,-22240
1,5,76196
1,5,35724
0,3,51760
1,6,41036
1,5,52596
0,5,65788
0,3,56310
1,2,51788
0,4,64086
0,6,77725
1,6,28293
0,6,36692
0,6,41320
0,0,0
2,5,8920
0,5,69744
1,5,21276
0,5,56841
0,5,54978
0,4,54660
0,3,48880
1,4,31626
2,3,31130
0,4,38530
1,2,32304
2,3,27210
2,5,21160
0,2,35170
0,6,45428
1,2,29455
1,2,49122
1,1,28312
2,6,-8488
0,4,41410
0,5,61161
2,3,21090
0,3,51682
0,5,74541
1,2,22773
2,2,20305
2,3,28170
0,5,50541
1,6,24660
2,4,35001
2,4,19510
2,4,22750
0,5,51894
2,3,33108
2,4,29670
1,3,30600
2,4,35862
0,5,61708
0,3,28740
0,5,42372
0,4,65268
0,2,59080
0,3,67716
1,2,27460
0,0,0
2,5,15273
0,4,44076
2,3,12170
2,4,23715
0,6,45276
2,4,10466
1,2,45424
0,1,37340
2,3,31410
0,5,54861
0,6,52305
0,5,26586
0,6,50908
0,5,29252
0,6,62588
0,5,45210
0,5,61704
1,4,47256
1,3,53916
0,4,54543
0,5,65361
0,6,62228
0,5,41595
0,5,35295
2,4,16586
2,4,30681
0,4,67851
0,1,0
0,7,39360
0,6,42508
0,5,45681
0,5,49620
2,3,15050
1,5,31731
2,4,25502
0,6,46492
0,5,74728
0,7,72160
0,4,43100
1,4,37074
1,4,45474
1,3,47232
2,3,26674
0,6,82200
0,4,86865
1,2,16213
2,6,9200
2,3,39228
0,6,32625
1,6,32636
0,5,80060
1,3,40710
0,5,59828
0,6,53676
0,6,38925
2,3,23970
1,3,38044
0,4,41196
2,4,32895
0,3,45640
1,4,30438
1,4,47139
2,5,19593
2,4,28035
2,2,18205
0,6,80428
0,4,80565
0,4,95976
0,5,85130
1,3,27590
0,5,40254
2,4,29562
1,6,-567
0,1,37200
0,3,80355
2,4,26682
0,2,69170
2,4,17031
1,1,0
0,5,70221
0,6,68748
2,3,18290
0,2,24060
0,3,56404
0,4,74265
0,4,100796
1,3,36764
0,3,26290
0,4,45686
1,4,31548
0,3,76551
0,1,41249
1,5,35730
0,4,70266
1,1,34872
1,3,36066
1,3,40984
1,4,69956
2,4,31002
2,4,26211
2,4,21351
0,5,45615
0,3,73671
1,5,51411
2,3,35028
0,4,42156
0,5,33954
0,1,0
0,6,71060
2,3,17393
0,5,71148
0,5,47625
0,3,65412
0,6,50604
0,2,73018
0,6,54188
1,2,60264
1,5,30414
0,4,56295
0,2,30620
0,3,89535
0,2,66584
0,3,54346
0,3,82851
2,3,25290
0,5,102295
2,3,15975
0,5,51981
1,5,37650
1,2,41224
1,3,56883
2,3,35774
0,5,39135
0,5,43134
0,5,50180
2,3,12893
2,4,39861
0,4,35290
0,5,71508
2,7,18608
0,2,50604
0,3,39064
2,5,34200
2,3,37908
0,5,29634
0,4,40935
0,5,67575
0,5,33452
1,5,30472
0,2,56200
0,5,53585
1,6,26685
0,5,47895
0,5,80252
0,2,28520
0,4,95464
0,6,41160
2,5,14680
0,3,48226
0,4,69861
1,3,15361
1,4,34212
1,4,52650
2,4,13346
0,4,79828
0,1,38032
0,1,0
0,7,49410
0,4,34624
0,6,29274
0,4,87064
2,6,16890
1,4,64401
0,3,41944
1,6,5733
0,4,37956
2,4,20850
2,4,17970
0,2,63050
1,5,40308
0,5,61860
1,6,58876
0,6,61010
0,5,62596
0,4,58671
0,4,56619
0,7,49860
0,5,74188
0,4,36858
0,4,85748
1,4,49188
2,2,13745
2,5,24453
0,2,28610
0,8,30852
0,7,56832
0,4,104376
0,1,27720
1,2,58042
2,3,42108
2,6,-5720
0,4,76500
0,2,37446
1,2,17653
0,2,60844
1,3,21503
0,4,63303
1,3,22879
0,3,45562
0,1,30740
1,1,0
1,3,38946
1,2,25693
0,2,51744
1,2,23465
1,3,37730
0,6,76615
1,3,16801
0,5,76085
1,2,0
1,5,23942
0,3,48802
1,2,22113
0,4,62979
0,0,0
1,1,0
1,4,36558
1,3,42186
1,3,18421
0,8,58152
0,5,44908
0,3,43284
1,6,40020
0,1,32962
1,4,43056
1,2,29082
1,3,39964
1,2,31182
1,5,26094
1,2,30542
1,3,54636
1,1,32772
1,3,73371
0,1,32840
1,2,24213
1,1,0
1,2,54424
1,2,25833
1,1,31812
1,6,44340
0,6,71516
1,6,30960
0,4,58119
0,8,-3285
0,8,-13785
0,2,47724
2,6,21210
2,5,3975
0,1,42582
0,1,40260
0,0,0
0,6,72732
0,6,79916
1,5,37098
0,6,67400
0,5,39706
1,5,34396
0,6,93810
0,5,88836
0,5,65295
0,4,83211
0,4,76299
0,3,58682
1,6,67276
0,6,77148
0,4,54316
1,5,55410
1,4,44668
1,5,37062
0,4,51650
0,5,76521
0,4,74223
0,4,78351
0,5,71661
0,4,51076
0,6,53828
0,2,68818
0,8,29515
0,8,19015
0,6,48954
0,6,42654
0,5,46572
2,6,40
0,4,70740
0,5,60785
1,4,32050
0,3,52184
0,5,55614
0,4,55276
1,2,62242
0,1,33700
0,2,56050
0,1,31472
0,4,54530
0,4,87531
0,3,64802
0,2,30886
0,5,80841
0,0,0
0,1,34689
0,4,57196
0,0,0
0,5,41211
1,3,60882
1,5,51240
0,4,63531
0,6,27588
0,7,60550
0,9,19068
2,7,-45450
1,6,3250
0,1,26280
2,7,12848
1,4,18930
0,2,28632
0,5,35934
0,3,60158
0,5,42264
0,6,63480
0,4,42112
2,3,15953
2,4,29248
0,4,53244
0,3,50816
0,5,78656
1,5,33240
1,3,39600
0,7,27750
1,4,38496
1,2,44922
1,5,38403
1,3,36262
2,5,17448
1,5,52530
1,3,26844
1,2,58788
1,6,4614
1,4,12064
0,4,69224
1,5,28068
0,5,31176
0,5,77874
0,1,29340
2,6,-17960
0,2,65200
2,4,25794
0,4,54105
0,9,13680
0,3,43636
0,4,58200
1,2,55808
1,6,824
1,4,45834
2,3,32794
0,5,46852
0,3,76821
0,7,32580
2,7,-34310
0,1,34972
2,6,3192
0,2,54624
1,4,78868
1,4,16786
2,6,8952
0,1,39522
2,5,32840
0,3,39800
2,5,38600
0,3,36920
2,3,16935
0,5,82228
0,9,33768
0,1,0
2,6,2750
0,2,27560
1,1,0
1,7,18880
0,5,97748
2,7,-2788
0,5,66328
0,5,71190
0,4,46132
2,3,19035
0,5,73828
2,5,32298
0,6,71844
0,4,67053
2,6,12424
2,8,-11740
2,7,280
0,1,37422
2,7,21248
0,1,32180
2,3,37250
0,5,32180
2,7,9910
0,1,0
0,1,38160
2,6,14532
0,2,33859
2,5,44499
1,5,57330
2,6,35928
0,2,28510
0,3,48198
0,5,71574
0,6,88828
0,4,49978
0,6,58605
0,5,87944
0,7,82660
0,5,64890
0,5,60891
0,4,48410
0,5,58815
0,3,61922
1,6,50640
0,5,86068
0,5,62814
0,4,52552
0,6,70180
0,2,33830
0,8,38892
0,8,26292
0,6,45339
0,5,37728
0,5,107240
0,3,26418
0,7,83364
0,3,28518
0,7,70764
0,8,23490
0,2,71228
0,7,33796
0,3,95589
0,5,97236
2,3,40130
2,5,10659
2,4,22426
0,4,67588
2,4,25306
0,4,61828
1,3,45440
1,5,21560
2,3,41894
0,5,49635
0,5,45315
1,2,64908
1,6,15114
2,5,38144
0,3,27956
2,4,51588
0,4,40592
2,4,55908
1,3,86109
2,6,38568
0,2,27850
1,3,16343
2,7,-590
0,1,0
2,6,30168
0,2,29950
0,1,30780
5,5,13184
4,6,9692
5,6,11186
2,2,48338
4,4,55146
5,7,0
2,2,32946
3,5,51726
5,6,10636
4,6,25092
1,2,31568
4,4,22926
1,3,45872
4,3,12044
4,4,7886
2,3,25520
2,3,53646
4,3,31082
3,4,38292
5,6,14892
4,5,28206
4,3,34072
2,3,22760
1,2,24265
5,6,18190
2,1,22489
4,5,21314
0,3,50073
3,3,48858
2,4,63864
2,3,43676
3,4,65850
3,2,41488
3,3,25063
4,3,21264
3,3,22304
4,5,33795
1,2,65073
1,2,57162
2,4,21335
3,3,19891
3,4,16384
2,4,14998
1,3,16430
1,2,17501
3,3,39668
1,1,28589
5,6,16357
4,5,18645
4,3,31614
2,4,13374
2,3,37480
4,4,28696
5,6,21063
4,6,12300
3,4,47286
2,3,40731
4,3,19659
5,3,19723
4,4,16756
4,5,29403
1,4,48916
3,5,44433
4,5,13100
2,1,21151
4,6,11990
2,6,16588
2,2,24848
3,4,32978
2,4,62685
2,4,33360
3,4,32958
0,2,31732
4,6,17828
4,5,12844
3,6,1161
1,3,85278
2,1,53352
1,3,23509
1,3,49676
3,2,29948
3,4,34551
1,4,86695
2,5,56124
2,2,20956
2,4,42500
4,4,39040
0,1,30074
2,2,28497
1,4,22692
2,1,35434
4,4,29178
3,4,28617
4,1,0
1,2,61344
1,3,43608
4,4,30788
1,3,87462
4,3,17704
2,0,0
2,1,0
3,5,42732
2,5,37890
4,7,-23304
4,3,9070
1,4,107644
3,2,43686
3,5,11121
1,0,35508
1,3,65970
2,3,24175
2,3,14439
1,1,59288
2,3,66720
1,4,56550
3,4,42046
6,6,8868
5,7,-18060
3,3,21182
2,5,0
2,5,78440
3,7,8838
5,6,38878
0,0,35036
1,1,26655
0,2,52898
5,6,23566
5,8,-14622
2,3,63362
6,7,5856
2,3,30201
5,5,25650
5,6,4785
2,2,44466
3,3,25637
5,5,-760
2,3,42789
4,6,10822
1,1,38369
3,5,11874
3,3,19082
3,3,0
2,3,37482
1,3,45120
4,6,6570
4,4,26099
3,5,20715
3,3,9632
2,5,9152
6,7,9910
3,4,21556
4,4,25614
5,6,29756
5,6,40716
2,3,0
4,6,15074
3,4,20219
2,3,38652
3,3,32066
4,5,44802
5,5,10548
5,4,19270
3,5,22121
4,4,32649
4,2,13610
4,5,22210
3,5,37059
4,4,20651
3,5,27458
4,6,14909
4,7,-52
3,2,0
5,7,3432
2,3,24574
6,6,7898
4,4,35415
2,3,19981
3,5,17966
5,4,25924
3,3,14445
5,5,14361
4,5,16830
1,2,39120
4,4,23386
3,4,28634
1,3,21117
3,4,45270
2,3,15581
4,5,15497
0,1,47354
5,5,15840
4,5,23712
2,4,29408
4,3,18510
4,5,16319
1,2,50352
3,4,40263
3,4,46710
3,4,54930
2,3,16061
4,5,15977
1,2,64932
4,5,8226
2,2,23618
4,4,19436
3,2,11288
4,5,11117
4,5,23856
1,2,35884
1,3,40878
3,2,29980
2,4,29020
2,2,22448
1,2,66687
1,3,16152
4,4,18266
4,5,10532
4,6,22772
1,1,36968
3,5,46884
2,3,44907
3,5,55480
3,5,66440
3,3,28896
4,6,31227
4,3,16781
3,5,56904
3,5,67864
4,6,29266
2,2,22281
3,2,21152
3,4,43060
4,4,28431
5,4,16970
5,5,9884
2,2,46776
6,7,8368
6,7,5135
3,4,16707
5,6,16410
5,6,13692
5,4,8197
6,7,8316
4,6,7717
4,4,29950
4,5,16781
3,4,41649
1,3,22059
3,2,16610
2,3,16523
4,5,16439
4,5,25142
4,3,19121
3,5,38948
2,3,38955
3,5,33339
2,4,24754
4,6,25275
5,5,13526
5,5,10293
3,4,36460
2,3,18804
5,4,23570
3,3,13268
3,2,22319
4,7,32055
4,7,22356
1,4,39430
4,6,26156
2,4,44140
3,6,36652
1,5,47889
3,4,31542
2,5,31281
4,7,31029
4,7,25900
2,3,42482
5,6,17060
2,3,35856
5,5,22851
3,3,36339
4,5,44056
4,5,55016
5,6,22842
3,5,22224
4,5,13710
1,2,42432
3,4,48183
2,2,34586
3,4,48582
4,4,30404
4,5,16601
2,4,16292
4,6,9056
3,3,71844
4,6,5823
1,3,18771
4,5,9820
3,5,15068
1,4,14334
3,5,24921
3,5,33141
4,5,14630
3,3,8885
2,5,8405
5,5,13671
2,2,32616
2,4,57999
3,2,28042
2,3,18949
4,4,46986
5,4,23860
3,3,13413
5,5,18922
2,4,52089
4,4,28238
2,3,20919
4,4,44676
3,3,15383
3,4,14990
2,1,24881
1,3,34288
4,5,21675
3,5,33892
3,5,29547
5,6,6208
1,1,53622
2,3,19926
5,5,10590
4,5,19629
4,5,26076
4,5,34296
5,5,15400
3,4,9183
5,6,9099
3,5,8790
2,2,22594
4,5,20850
1,2,43436
3,4,36408
3,4,51636
3,4,62596
4,4,35751
3,2,26974
2,3,26800
4,5,26632
2,4,26014
1,2,51234
5,5,10635
5,4,12978
4,4,23211
4,4,18226
2,3,15913
4,4,37878
5,4,17788
3,3,10377
3,4,9984
3,4,20009
4,5,28742
4,5,22276
3,4,45892
2,2,44163
2,3,28226
4,5,28058
2,4,27440
5,6,17134
2,3,25813
2,3,23072
5,5,13263
4,5,22676
3,3,26751
4,5,31272
4,5,42232
5,5,20478
3,4,16618
5,7,9739
2,2,49282
5,7,6506
2,4,20820
3,4,20178
4,6,35190
5,7,9397
5,7,11058
2,3,45098
5,6,11831
5,6,8598
5,5,15370
4,5,26799
4,5,33246
4,5,41466
5,5,20180
5,6,11489
3,5,11180
4,5,16676
3,4,35408
1,2,41631
4,4,25060
3,4,41334
3,4,56001
4,4,29870
3,2,16505
2,3,16418
4,5,16334
2,4,16025
1,2,27345
4,6,13835
4,6,10602
1,3,33108
3,5,32811
3,5,24626
3,3,13664
4,6,19250
1,2,30757
4,6,10423
1,3,22872
4,5,12554
3,5,22575
2,3,21546
3,5,17802
3,5,29022
3,5,37242
4,5,17364
2,4,10165
4,6,10081
2,5,9772
0,2,0
2,3,29668
5,5,18210
4,5,29272
3,3,31698
4,5,26082
4,5,37868
5,5,25425
4,3,20090
3,4,19916
5,6,19748
5,6,18018
3,5,19130
4,5,15559
1,3,25621
1,2,38280
4,4,22826
3,4,37983
2,2,31818
3,4,28074
3,4,44430
3,4,52650
4,4,27636
3,2,15388
4,5,15217
4,5,22698
2,4,14908
0,0,0
5,6,29826
5,6,23360
2,3,40480
2,3,48456
5,5,32301
3,3,45789
4,5,40173
2,4,40382
4,5,67616
4,3,29484
3,4,29310
5,6,29142
5,6,32109
3,5,28524
3,2,48376
4,7,15464
1,4,32664
4,6,20457
3,6,32268
2,4,33945
3,6,28329
1,5,32486
3,6,51824
4,6,27672
3,4,21588
2,5,21414
2,6,20628
4,6,12525
3,3,67884
1,3,29178
4,5,16758
3,5,28881
2,3,25750
3,5,22006
1,4,17803
3,5,43548
2,4,12267
4,6,12183
1,4,73362
6,5,10699
3,2,23700
6,4,13106
5,4,23403
4,2,22098
5,4,18354
3,3,15977
5,4,38070
6,4,17916
4,3,10441
4,4,10048
4,5,14439
3,4,62142
4,5,11206
1,2,34920
4,4,20586
3,4,34623
2,2,29578
1,3,19717
3,4,49290
4,4,25396
3,2,14268
2,3,14181
4,5,14097
2,4,13788
4,5,32734
4,5,26268
1,2,54272
4,4,36663
3,4,37572
3,4,53876
3,4,44535
1,3,43290
4,4,43878
3,2,32392
2,3,32218
2,4,31432
3,3,48452
4,6,27334
4,6,20868
1,3,43472
3,5,43076
2,3,42051
3,5,36435
1,4,37890
3,5,51672
2,4,26818
4,6,26650
4,6,28371
2,5,26032
6,6,12543
1,3,76050
6,6,9310
3,3,29232
6,5,16794
5,5,28935
4,3,25786
5,5,22042
3,4,17821
5,5,35382
6,5,21604
5,3,12372
4,4,12285
6,6,12201
4,5,11892
5,6,19426
2,3,56360
5,6,12960
2,3,27656
5,5,16701
4,5,27260
3,3,30189
4,5,24573
4,5,35856
5,5,23916
4,3,19084
3,4,18910
5,6,18742
5,6,16509
3,5,18124
1,1,36762
3,3,54140
4,6,21646
4,6,15180
1,3,32096
4,5,20031
3,5,31700
2,3,33519
3,5,27903
1,4,32202
3,5,40296
4,5,27246
3,3,21304
2,4,21130
4,6,20962
2,5,20344
4,4,39308
4,5,14507
4,5,11274
1,2,35124
4,4,20722
3,4,34827
2,2,29714
3,4,25970
1,3,19785
3,4,41274
3,4,49494
3,2,14336
2,3,14249
4,5,14165
4,5,20594
2,4,13856
0,0,0
3,3,26233
5,6,15856
2,3,20516
5,5,11346
4,5,20120
3,3,24834
4,5,19218
2,4,26412
4,5,28716
4,5,39676
4,3,15514
3,4,15340
5,6,11154
3,5,14554
6,7,9992
6,7,6759
3,4,21579
6,6,11692
5,6,21282
5,6,16940
5,6,27729
5,6,35949
5,4,9821
4,5,9734
6,7,9650
4,6,9341
3,3,23574
5,6,21174
5,6,14708
2,3,31152
5,5,19323
4,5,30756
3,3,32811
4,5,27195
2,4,31730
4,5,39352
4,5,50312
4,3,20832
3,4,20658
5,6,20490
5,6,19131
3,5,19872
1,1,37636
3,2,26420
4,5,9311
4,5,6078
1,2,19536
4,4,10330
3,4,19239
2,2,19322
3,4,15578
1,3,14589
3,4,25686
3,4,33906
4,4,15140
2,3,9053
4,5,8969
4,5,10202
2,4,8660
3,2,21612
4,5,14119
4,5,10886
1,2,33960
4,4,19946
3,4,33663
2,2,28938
3,4,25194
1,3,19397
3,4,40110
3,4,48330
4,4,24756
2,3,13861
4,5,13777
2,4,13468
6,6,9883
1,1,25848
6,6,6650
3,3,21252
6,5,11474
5,5,20955
4,3,20466
5,5,16722
3,4,15161
5,5,27402
5,5,35622
6,5,16284
4,4,9625
6,6,9541
6,6,11346
4,5,9232
2,2,19340
5,5,16391
5,5,13158
2,2,40776
5,4,24490
4,4,40479
3,2,33482
4,4,29738
2,3,21669
4,4,46926
5,4,29300
3,3,16133
5,5,16049
5,5,24362
3,4,15740
3,1,0
4,6,25662
4,6,19196
1,3,40128
4,5,26055
3,5,39732
2,3,39543
3,5,33927
1,4,36218
3,5,48328
3,5,59288
4,5,33270
4,6,24978
4,6,25863
2,5,24360
4,5,31550
2,3,0
4,5,25084
1,2,51904
4,4,34887
3,4,51508
2,2,48375
1,3,42106
3,4,60104
3,4,71064
4,4,42102
3,2,31208
4,5,30866
4,5,34695
2,4,30248
2,3,24035
4,5,11609
4,5,8376
1,2,26430
4,4,14926
3,4,26133
2,2,23918
3,4,20174
1,3,16887
3,4,32580
3,4,40800
4,4,19736
3,2,11438
4,5,11267
4,5,14798
2,4,10958
5,6,11066
1,2,24578
5,6,7833
2,3,24801
5,5,13840
4,5,24504
3,3,22832
4,5,19088
2,4,16344
4,5,30951
4,5,39171
5,5,18650
4,3,10895
5,6,10724
5,6,13712
3,5,10415
1,1,0
5,7,6047
1,1,29597
5,7,2814
2,4,9744
5,6,3802
4,6,9447
3,4,12794
4,6,9050
2,5,11325
4,6,15894
4,6,24114
5,6,8612
4,4,5876
5,7,5705
5,7,3674
3,6,5396
1,2,0
4,5,22477
4,5,13083
4,5,9850
1,2,30852
4,4,17874
3,4,30555
2,2,26866
3,4,23122
1,3,18361
3,4,37002
3,4,45222
4,4,22684
3,2,12912
2,3,12825
4,5,17746
2,4,12432
5,6,9570
3,4,25990
5,6,6337
2,3,20313
5,5,10848
4,5,20016
3,3,19840
4,5,16096
2,4,14848
4,5,26463
4,5,34683
5,5,15658
4,3,9399
3,4,9312
5,6,10720
3,5,8919
1,1,0
1,2,28124
7,8,7436
7,8,4203
4,5,13911
7,7,6580
6,7,13614
5,5,15572
6,7,11828
4,6,12714
6,7,20061
6,7,28281
7,7,11390
6,5,7265
5,6,7178
7,8,6452
5,7,6785
3,3,0
4,4,0
4,6,28648
4,6,22182
1,3,46100
4,5,30534
3,5,45704
2,3,44022
3,5,38406
1,4,39204
3,5,54300
3,5,65260
4,5,37749
3,3,28306
2,4,28132
4,6,30342
2,5,27346
0,1,41373
6,7,8911
2,3,45562
6,7,5678
3,4,18336
6,6,9530
5,6,18039
4,4,18522
5,6,14778
3,5,14189
5,6,24486
5,6,32706
6,6,14340
5,4,8740
4,5,8653
6,7,8569
4,6,8260
2,2,0
3,3,26975
5,7,9434
5,7,2968
2,4,7672
5,6,1713
4,6,7276
3,4,15201
4,6,9585
2,5,19990
4,6,15872
4,6,26832
5,6,8928
4,4,9092
3,5,8918
5,7,8750
3,6,8132
1,2,31766
3,4,22726
5,6,17932
5,6,11466
2,3,24668
5,5,14460
4,5,24272
3,3,27948
4,5,22332
2,4,28488
4,5,32868
4,5,43828
5,5,21675
4,3,17590
3,4,17416
5,6,17248
3,5,16630
1,1,36015
2,4,21340
4,5,13911
4,5,10678
1,2,33336
4,4,19530
3,4,33039
2,2,28522
3,4,24778
1,3,19189
3,4,39486
3,4,47706
4,4,24340
3,2,13740
2,3,13653
4,5,13569
4,5,19402
0,0,0
2,2,0
4,7,17072
4,7,10606
1,4,22948
4,6,13170
3,6,22552
2,4,26658
3,6,21042
1,5,27628
3,6,31148
3,6,42108
4,6,20385
3,4,16730
2,5,16556
4,7,16388
4,7,12978
0,2,35585
2,4,21030
4,5,14221
4,5,10988
1,2,34266
4,4,20150
3,4,33969
2,2,29142
3,4,25398
1,3,19499
3,4,40416
3,4,48636
4,4,24960
3,2,14050
2,3,13963
4,5,13879
4,5,20022
1,3,23360
5,6,11891
5,6,8658
2,3,27276
5,5,15490
4,5,26979
3,3,24482
4,5,20738
2,4,17169
4,5,33426
4,5,41646
5,5,20300
4,3,11720
3,4,11633
5,6,11549
5,6,15362
1,1,0
1,3,21755
5,6,13496
5,6,10263
2,3,32091
5,5,18700
4,5,31794
3,3,27692
4,5,23948
2,4,18774
4,5,38241
4,5,46461
5,5,23510
4,3,13325
3,4,13238
5,6,13154
5,6,18572
1,1,0
4,5,17951
4,5,14718
1,2,45456
4,4,27610
3,4,45159
2,2,36602
3,4,32858
3,5,39258
3,4,59826
4,4,32420
3,2,17780
2,3,17693
4,5,17609
4,5,27482
2,4,17300
2,2,43090
1,3,21965
3,6,27933
3,5,0
3,5,53796
1,2,0
3,4,17734
4,6,18380
1,4,35402
0,1,37296
4,6,25188
4,5,32970
2,6,13423
1,2,24536
3,3,18107
1,4,41054
3,3,42488
3,6,6369
0,1,34044
0,2,23084
3,6,4021
2,4,30462
3,6,40932
3,3,15495
4,7,25428
3,6,62768
4,5,16120
3,2,19205
2,3,0
2,4,52488
5,7,9507
4,4,7875
3,5,21766
3,5,8297
3,6,7889
3,6,53264
0,1,31688
0,0,0
4,7,13100
4,7,16526
3,4,21160
3,3,14177
3,5,38556
3,7,4931
3,3,37002
2,3,44606
0,2,59178
3,3,37184
1,3,22333
3,4,30106
1,2,0
2,4,31666
4,9,-15930
4,8,-5838
3,5,10952
0,1,31392
3,6,10318
4,8,14060
3,5,52380
1,2,17852
4,5,0
3,5,15560
4,4,12193
2,4,0
0,1,26042
2,4,17345
1,2,0
3,6,11176
2,2,0
4,6,25236
4,4,28132
2,4,51693
4,3,13581
1,3,24588
2,4,41937
3,3,32912
2,3,36750
4,7,21360
2,4,10201
2,2,19755
3,5,25472
3,4,46322
0,1,30828
1,3,30928
1,4,57698
3,6,11545
3,5,14503
3,5,32730
2,5,43371
2,5,32926
3,6,18970
2,4,46894
3,4,0
1,2,0
2,5,22354
3,4,26950
4,5,4872
1,2,32424
0,3,42424
2,5,11625
4,4,18916
1,1,0
1,1,0
4,4,5987
3,5,21414
3,5,25236
2,2,0
3,6,37552
2,6,14722
2,5,16181
1,3,16560
1,3,23869
3,6,20122
0,2,44890
2,5,14387
3,5,44094
2,3,0
2,6,7823
2,2,24543
5,6,21652
3,3,19643
1,2,39918
2,3,0
1,3,33304
3,5,46668
3,4,22014
4,4,28168
3,6,45168
2,5,44895
3,4,20035
1,3,22609
1,3,24799
0,1,30152
3,5,10313
3,4,0
3,4,29684
3,6,52020
2,4,16779
2,3,0
3,5,9175
2,5,32886
2,4,23964
1,4,42014
2,4,17667
2,3,16853
1,1,0
1,2,0
2,2,17399
2,4,13895
1,3,22232
3,4,14924
2,3,0
2,4,23372
2,2,0
4,4,24392
1,2,0
2,3,30870
2,5,13655
1,4,21469
1,4,27598
3,5,27777
2,4,15477
1,2,22180
2,4,42477
1,2,35310
1,4,68460
2,3,32758
3,6,9227
1,4,49870
1,3,28696
2,3,20288
3,4,17935
3,6,24494
3,4,23568
1,1,27999
2,2,26493
4,4,23380
4,6,45270
2,3,21943
2,4,51818
2,4,0
0,0,0
1,1,0
2,4,0
2,4,24704
4,4,8694
3,5,14614
2,4,15921
0,1,24996
2,4,28558
1,2,42646
2,4,42266
2,4,28926
1,2,19740
1,3,24985
1,3,27175
3,4,0
3,6,35220
2,3,21641
2,5,26646
2,4,10681
2,4,23318
3,3,10247
2,5,23314
2,3,0
1,1,0
4,5,4695
1,2,0
4,6,19524
3,6,29550
3,2,20741
4,4,12817
2,3,0
2,5,31170
1,2,24058
3,4,0
2,3,36830
2,4,42912
4,5,48303
2,3,14490
2,4,43272
2,4,45232
2,3,36707
3,3,39416
4,4,23788
4,4,23472
2,4,37710
3,4,57012
2,3,23605
2,5,34634
4,3,30328
2,4,55454
1,2,26727
3,6,42348
3,4,20268
2,4,0
1,2,27199
1,2,21959
1,1,0
3,5,0
2,3,19595
0,0,0
3,5,13345
4,6,26652
2,4,20651
1,2,26383
3,4,0
0,1,29436
2,3,0
3,5,38016
2,2,0
3,3,14855
2,5,50396
2,3,20230
2,5,15326
0,1,0
1,3,19010
2,5,17039
4,5,21808
1,5,22504
2,4,22615
1,3,0
2,5,44856
2,5,44853
2,3,0
2,4,18985
2,4,16490
1,3,0
3,2,18365
4,4,10401
2,4,0
4,3,17899
3,3,37932
3,3,17383
3,4,14203
2,3,0
2,3,19601
3,3,19039
2,2,0
2,3,0
1,2,38014
4,4,11285
2,4,26144
1,2,28846
3,4,33480
3,6,27444
2,3,47792
1,3,35046
2,5,52023
3,6,47056
3,4,14705
1,4,47498
5,6,3462
2,4,37802
3,3,17267
3,5,45142
2,4,50702
4,7,51400
2,4,17647
2,3,0
4,4,13464
2,3,0
1,1,0
2,3,29007
0,1,0
3,2,13597
2,1,23105
0,2,33126
3,2,18089
3,6,0
1,3,34212
4,5,29122
3,4,18732
3,5,0
2,4,56301
2,6,13154
3,5,18694
2,6,49548
3,3,13131
3,4,32732
3,5,13265
3,5,49770
2,3,19567
2,4,0
2,3,23479
3,5,42060
1,2,29103
3,5,0
3,6,44404
2,2,0
2,5,52014
2,3,22801
3,5,0
1,2,30991
2,4,0
3,3,7891
3,5,32304
2,3,17155
2,4,31550
2,5,48588
2,3,19291
2,4,0
1,2,0
4,7,15648
3,5,11603
1,3,0
1,2,17550
4,4,5685
2,3,0
3,4,11219
2,4,16237
2,5,0
4,6,18144
4,4,23600
4,5,8699
4,5,40638
2,3,17335
0,1,22292
2,4,0
2,4,25854
4,7,18300
3,6,0
2,4,39406
0,2,49320
3,4,25590
0,1,26900
3,3,15710
3,5,34392
1,2,46712
2,5,41076
3,5,33472
3,6,33576
2,5,57248
3,4,19590
1,1,0
4,4,16432
2,5,35582
3,3,40772
1,4,46830
0,2,27380
1,4,23494
3,4,31076
3,5,47772
3,5,30948
1,2,0
2,2,22639
3,6,60880
3,4,34448
2,3,47052
3,6,21586
2,5,30854
1,2,28615
2,3,0
3,4,25582
1,3,31768
3,4,50367
3,6,53908
0,2,54466
2,3,0
3,3,0
2,3,40176
0,1,33186
2,2,23685
2,3,25892
1,2,26451
1,3,25287
4,4,12483
2,4,19647
2,3,26261
1,2,29087
2,3,50828
3,5,0
4,4,10595
1,2,30833
2,4,34869
1,2,24996
1,2,0
0,2,30228
2,2,47802
1,2,24528
1,2,24315
1,2,0
1,1,0
1,3,67500
2,4,26534
1,4,54272
2,4,48345
2,4,0
2,3,20149
2,4,0
3,3,16991
3,6,31808
2,3,0
3,6,25281
3,5,13139
1,3,21348
3,5,0
2,4,0
3,4,14129
3,3,0
1,3,0
1,2,22338
2,4,0
2,3,0
0,2,27872
2,4,20418
1,3,23397
4,3,11693
3,3,27710
3,5,23250
4,6,25272
1,3,20723
4,3,16255
4,5,11351
4,4,12515
4,4,22559
3,3,17739
3,5,39972
2,3,18871
0,1,27080
4,4,16801
4,5,23576
3,5,14023
1,2,35130
2,5,0
2,3,30410
3,4,0
2,5,66108
3,4,0
2,4,30093
3,3,0
2,3,28149
1,3,30652
4,4,14035
1,1,33607
1,2,58304
1,2,56588
1,1,35511
3,5,28922
1,1,23211
1,1,29903
4,7,7804
3,4,12801
1,1,34395
3,6,20686
5,4,13684
1,2,31341
2,3,21833
2,6,53277
2,3,11547
0,2,56106
2,2,0
3,4,0
0,2,35193
3,4,0
2,4,17825
3,4,0
3,3,32480
3,6,23566
2,1,18317
2,1,27597
1,3,0
4,4,7907
1,3,0
2,3,0
3,4,0
1,2,0
2,3,0
3,4,22510
3,5,39548
1,2,23689
4,4,11824
3,5,27251
2,5,32510
2,3,20039
0,1,24524
3,3,12659
2,4,28086
0,1,25364
2,4,0
2,4,29604
3,5,23302
2,4,0
2,4,25674
2,5,12674
3,5,38712
3,3,12383
2,4,27810
4,6,18618
3,4,12593
3,5,21112
2,4,18127
3,4,12435
1,2,17392
3,5,0
3,5,20954
3,5,32844
4,5,5579
2,5,16602
4,6,38142
3,4,19101
3,5,0
1,2,0
3,3,15035
2,4,50772
3,5,22998
2,4,38200
2,4,47184
2,3,19610
2,2,20774
4,3,20106
4,5,0
2,4,53727
3,5,29157
3,5,18976
2,2,0
3,4,45228
1,4,24610
5,4,33303
3,3,33272
3,5,27910
2,5,27014
4,4,36804
2,4,20283
3,5,44424
0,1,0
4,6,23856
1,2,0
2,3,0
1,3,31400
2,5,50034
3,5,29444
3,5,24170
1,2,52222
2,3,24721
2,2,25885
2,4,33050
2,3,68682
3,4,27125
3,5,11621
0,1,29312
3,5,45840
2,3,21575
4,7,22776
2,3,16335
2,3,18691
2,4,0
2,4,42478
3,4,20637
3,6,11906
4,5,12017
3,4,0
3,5,11426
1,3,24727
4,5,0
3,5,0
4,5,0
3,4,30376
3,7,16618
3,5,9209
3,6,15658
3,5,12461
4,6,4647
0,1,0
4,6,4489
5,6,7708
4,7,4541
1,2,39060
3,6,23514
3,5,38168
3,5,17088
2,4,17923
4,6,32316
2,4,18763
2,3,0
3,5,10949
2,5,36118
3,5,33220
2,4,15043
2,4,17399
1,2,0
2,3,0
2,4,17579
3,5,19345
0,3,56712
3,3,28200
0,1,32140
1,2,56934
3,5,32364
3,5,6853
2,4,13155
1,2,0
1,2,32774
1,3,26160
0,3,52000
0,1,29784
0,1,30830
2,4,15511
3,2,15953
0,0,0
2,4,34622
0,1,28613
1,1,0
1,3,24130
1,2,25294
1,2,0
2,3,0
1,2,0
0,0,0
2,4,0
2,4,49416
2,4,39194
3,4,0
1,2,0
2,2,23007
1,2,0
2,3,0
3,5,33788
4,6,24330
0,2,30828
1,1,0
2,2,26853
0,1,0
3,4,0
2,4,23954
2,4,19663
1,1,0
3,6,10181
2,2,0
2,2,0
2,3,20727
1,1,0
1,3,36102
3,3,32572
3,6,8291
2,5,14593
2,2,22167
3,5,10791
3,3,21701
1,2,0
4,4,26672
5,5,7451
4,5,20312
1,2,0
2,3,0
4,5,9303
3,3,18785
2,4,15691
3,3,12499
4,4,10293
3,6,23354
4,6,0
2,3,30568
3,4,15087
3,3,59550
2,5,72012
2,4,28247
0,2,63608
0,2,58896
2,3,0
1,3,26942
1,3,22938
3,4,34806
3,5,47775
3,5,36582
4,5,0
1,3,32446
2,4,24256
1,2,31202
2,2,0
2,4,23796
3,3,17246
3,7,34347
2,2,25264
4,5,19160
2,5,38230
4,4,14893
3,3,22053
3,7,19926
4,7,11676
4,6,16694
2,4,38980
3,5,24660
4,7,5964
2,4,42788
5,7,5172
1,3,26971
1,2,56288
2,4,28624
2,3,40290
2,3,49866
3,6,27904
0,0,0
0,0,0
2,3,21146
2,4,44112
1,2,30496
3,5,25412
3,4,16399
2,4,31834
3,6,17614
2,2,23509
4,7,9690
0,0,0
3,6,22060
5,7,2661
4,5,26274
0,1,0
5,6,12724
3,4,52038
3,6,55281
2,3,27591
1,2,0
1,3,28492
1,4,38498
1,4,36782
2,2,0
2,3,20827
2,5,15503
2,2,0
3,3,0
2,2,0
3,3,0
2,5,18371
2,2,0
3,5,8265
1,2,0
4,5,11892
2,3,0
1,3,25597
3,4,29192
1,3,24739
5,5,3435
1,2,0
4,5,14872
3,4,0
2,5,48530
3,5,17096
0,1,29856
0,1,0
0,1,36180
0,1,34644
3,4,17374
1,4,44696
1,2,27986
4,5,4941
2,1,26061
2,4,0
0,0,0
0,2,0
2,5,18602
2,3,26380
3,3,20793
3,4,37106
1,2,0
4,6,4902
2,3,16958
4,6,9928
2,3,0
3,7,14902
1,4,21958
3,5,11235
1,2,0
4,6,15124
2,3,22069
3,5,10763
1,2,0
3,4,0
1,3,23191
3,5,13997
1,2,0
2,4,20299
2,3,0
2,4,22187
2,3,0
3,5,5995
1,2,0
3,5,8351
1,2,0
3,6,13942
1,2,0
3,5,10487
3,3,13499
0,1,0
4,6,3789
1,1,0
3,6,7433
0,2,21194
1,3,0
2,5,24756
4,6,3631
2,3,0
5,6,5992
2,2,33514
3,3,17503
3,5,8531
1,2,0
4,7,3683
1,3,17444
2,4,0
3,6,21798
1,3,25406
4,6,10297
2,3,0
3,5,41334
2,5,53800
2,4,30497
3,5,22307
2,4,24211
2,4,26567
1,2,42000
2,4,28703
3,5,22005
2,4,26747
2,5,58230
3,4,33806
3,5,29660
1,2,28477
2,4,42452
2,3,0
2,4,44684
3,5,29056
2,5,40124
3,5,28740
4,5,41205
2,4,38540
2,3,63192
2,4,27717
3,5,49032
3,4,43800
4,4,19195
2,6,29222
4,4,17307
3,3,19211
3,3,21567
3,3,23703
0,3,31308
3,4,22539
4,4,16847
5,4,32424
3,3,21747
4,5,16899
1,4,87357
2,5,43806
4,4,41556
1,5,50480
2,6,66117
4,7,24462
3,5,43426
3,5,39838
3,5,42070
4,6,26442
1,1,0
3,6,33730
4,7,26230
1,2,65806
3,6,60993
4,6,50982
3,5,40390
3,6,26338
2,5,57162
2,4,45302
4,6,11155
3,5,17457
2,4,32730
2,4,41714
3,5,28318
3,5,28002
2,3,63930
3,4,24749
3,6,21015
3,6,27076
1,3,23704
1,2,0
1,3,0
2,4,17773
2,4,0
2,4,48934
3,5,17251
3,4,35804
2,3,21103
4,5,6906
2,5,58269
3,4,0
3,5,0
3,5,15354
1,4,52946
3,4,0
4,6,6618
3,3,25497
1,2,0
3,5,9389
1,2,67898
2,3,26733
2,4,53738
3,5,19222
4,6,30822
1,2,26884
1,2,0
2,5,16483
3,6,10843
2,3,55294
2,4,23768
2,6,32998
2,4,19535
2,3,0
3,5,12837
2,5,16481
3,5,12679
4,5,24088
2,5,39894
3,4,18543
2,4,21880
2,4,33468
1,2,0
0,1,0
0,2,28338
2,3,20447
0,1,31668
2,4,38180
1,2,22640
1,2,0
0,1,0
1,1,0
1,2,60038
2,3,22803
1,3,26140
2,4,45878
1,1,22380
2,5,50374
2,5,53130
3,4,40374
3,6,49209
2,5,28262
2,5,32038
0,0,0
1,3,23014
3,3,29146
2,1,22925
1,1,27491
2,5,64677
1,3,25843
3,5,11345
2,3,0
0,1,29036
1,3,0
2,3,0
1,2,64310
1,3,28058
2,3,24939
1,3,28276
2,3,18494
2,4,29819
2,4,43946
0,1,32508
1,3,0
2,3,0
1,2,66542
2,3,26055
1,2,0
1,2,26308
4,4,17005
1,2,0
0,2,32541
1,2,24694
4,3,11391
1,2,0
3,3,15193
2,3,0
2,3,50914
3,4,18241
0,1,0
1,3,25774
3,6,37510
1,2,27007
3,3,16925
3,2,21319
2,3,0
1,2,29222
2,4,23775
1,4,27112
2,5,47822
4,3,17530
2,5,36344
3,2,18837
2,5,35606
3,2,19883
0,2,25982
0,2,0
1,2,0
1,3,58202
3,5,21847
3,3,21332
4,6,26126
3,4,13971
2,3,50598
3,5,36438
4,5,42424
2,4,0
3,3,73992
4,5,52752
4,4,17910
3,5,35926
1,2,0
3,4,15827
1,2,60398
2,3,22983
2,4,46238
3,6,21899
3,6,28844
3,6,12731
1,2,55326
1,3,85917
2,4,0
1,3,0
4,5,10187
3,4,24380
2,5,64914
2,3,25687
2,5,63807
2,4,46272
2,4,42846
0,2,34756
2,4,21885
3,4,18083
4,4,34896
3,5,54903
2,5,20588
4,6,16840
1,3,29392
2,4,21578
1,4,25222
2,4,21420
1,3,26320
3,5,51117
2,4,28979
2,4,43004
3,3,23979
2,4,51646
3,5,37358
2,4,19811
2,4,41166
2,4,50150
1,2,0
2,5,44042
3,7,33120
3,3,18104
4,8,17084
2,5,24226
2,6,37826
2,3,0
4,6,18410
2,4,24601
3,5,17441
4,6,14602
2,4,26505
2,4,19423
1,3,27422
1,3,22634
1,1,0
2,5,57735
1,1,0
2,5,37659
1,1,0
2,4,27167
3,5,17817
1,3,30378
2,3,27285
2,4,21028
3,6,21422
1,1,0
1,1,0
2,5,43194
2,2,0
1,1,0
2,5,39386
2,5,25649
3,2,39122
1,1,29704
5,7,11996
1,4,28860
4,3,32700
2,5,19352
4,6,18418
2,3,0
2,4,41610
4,4,14897
2,3,72357
2,2,52718
3,7,39318
1,1,31936
4,8,42246
3,4,62724
2,5,25110
3,3,46296
2,6,45740
2,2,28725
3,7,51879
2,4,46074
3,5,45962
1,4,48074
2,2,0
2,2,0
1,4,46358
1,1,0
3,4,9941
2,2,0
1,4,26389
2,5,14645
1,4,25531
1,1,0
3,3,19909
3,4,30908
3,4,0
2,3,0
5,6,-4144
1,2,0
4,7,18618
2,5,60036
2,4,44504
3,5,16238
4,6,21322
4,6,23038
2,3,0
3,5,28468
1,2,0
1,2,20506
1,2,0
1,2,0
0,0,0
1,3,23618
2,5,50313
1,2,45750
1,3,29376
1,1,25115
2,4,0
0,0,0
3,2,16553
4,3,7203
3,2,16711
0,0,0
1,2,61238
2,3,42538
1,3,0
1,4,29488
1,1,0
5,6,10404
2,4,39186
1,2,0
4,5,38928
4,5,28350
2,4,31355
3,5,43989
2,4,47756
3,5,44280
3,3,26355
2,6,58989
2,4,47018
3,5,45018
4,7,20654
3,6,30022
3,6,48636
2,5,62688
3,5,39618
2,4,48986
4,6,27014
3,5,36382
4,6,23238
3,5,32606
3,5,27046
2,4,36414
3,5,31758
2,4,41126
3,6,43497
1,3,21478
2,5,57549
3,5,36030
0,1,24248
2,4,45398
3,5,38262
2,4,47630
4,6,22634
3,5,32002
3,6,33702
3,6,9323
2,5,43070
3,6,29922
2,5,39290
4,6,22318
3,5,31686
5,6,31572
4,5,45624
3,5,32118
2,4,41486
1,2,69614
4,7,22422
2,4,68997
2,5,10676
2,2,24871
2,3,55808
3,6,26065
3,5,28731
2,4,30818
3,5,21520
0,2,53672
5,5,16816
2,3,33892
4,6,32524
2,7,50315
0,0,0
2,4,31704
2,4,47654
3,2,0
2,6,32408
1,5,39141
2,4,25010
4,4,28560
2,5,6984
1,5,41142
1,4,13647
3,5,24176
2,2,40400
1,1,27124
2,4,32374
0,4,42874
2,3,47160
2,5,15698
4,6,1288
4,6,12522
5,6,26745
1,3,48904
1,6,9798
1,5,31130
1,2,44828
3,5,22000
2,2,23051
2,4,17237
1,3,19843
3,2,17776
2,4,37160
2,6,36955
3,6,4904
0,1,38797
2,6,31722
2,4,8295
2,6,23793
2,4,64911
2,6,29880
2,4,33744
1,2,34416
2,8,23485
3,6,-423
3,6,13556
4,5,28620
3,6,32562
2,3,45896
3,6,41928
3,5,54296
2,4,16302
0,2,21594
4,4,57927
1,6,13274
2,4,38748
3,4,34606
3,6,19312
2,5,73036
1,2,79491
2,5,56973
3,6,6580
3,7,31680
3,3,49278
3,6,50412
2,7,33000
0,3,53008
2,5,69544
4,5,38907
1,4,72573
2,3,51346
2,5,44718
2,7,-4278
2,5,61362
3,4,44829
3,5,40272
2,5,21699
2,8,4668
2,6,44872
1,1,26444
1,2,44798
0,1,30389
2,6,-1152
1,3,33720
4,6,16389
1,3,72960
3,6,20190
1,1,0
0,4,39234
1,4,29530
1,3,39562
1,4,46575
2,4,18464
2,6,34977
0,4,35418
2,6,59784
3,2,0
1,3,41448
3,4,55116
3,4,27214
2,5,69964
3,7,38490
3,4,24324
2,5,48228
2,2,20572
2,5,19338
1,4,15912
2,2,43588
3,3,39816
2,3,66996
3,5,38086
2,5,11503
3,4,0
3,7,6284
3,5,14331
4,4,43059
2,4,71622
3,4,34936
2,4,49167
4,7,-37448
1,2,62858
1,1,36936
2,5,17320
1,3,29302
3,7,-14031
1,5,63591
2,5,30309
1,2,27704
2,7,33240
3,5,36927
2,3,23849
4,5,16674
2,6,67840
2,4,40198
4,6,35358
2,4,32866
4,6,11554
3,5,60708
1,3,40413
3,2,30088
2,5,22264
2,7,27276
4,7,15050
1,3,27483
3,6,19116
3,6,34652
3,3,37023
2,7,23952
2,5,27342
2,4,43440
5,5,23788
2,6,6078
2,6,19707
1,3,29326
4,6,17772
1,4,64530
5,6,20750
2,5,45789
3,6,29092
4,6,24174
3,6,6880
2,3,30128
3,8,-23956
2,6,13716
2,6,12584
2,5,18624
3,7,9132
2,4,22699
1,6,58014
1,3,26020
2,4,31215
2,4,21346
2,6,46095
2,7,22342
1,4,41884
3,6,26794
3,4,21668
4,6,7611
2,3,43520
2,6,9718
1,3,67500
2,5,53788
2,3,43008
1,3,27208
0,4,39948
2,5,18624
2,3,64503
2,4,28266
1,3,23755
1,5,55584
3,4,41124
1,5,11102
1,4,36358
1,4,59070
2,2,21660
4,5,32494
2,5,46194
2,6,44325
3,4,13400
2,6,35204
2,8,11948
3,3,18759
1,6,65228
2,5,34092
1,5,64008
2,3,38726
1,5,57016
2,3,32574
3,4,22479
1,5,35952
0,1,26661
0,2,41386
2,4,59468
2,4,44014
2,4,44728
3,3,27462
2,2,21721
3,5,35430
2,3,45408
0,5,35223
1,3,38109
2,3,63165
1,5,45579
3,5,67020
2,4,39336
3,4,31568
1,5,36183
1,3,45598
3,8,-16672
1,7,13281
2,3,20490
1,7,28604
2,3,16546
1,2,19189
1,2,59932
1,4,9735
3,4,18815
3,8,-5934
1,4,45486
1,3,67503
4,6,6032
4,9,-38370
3,5,-663
1,4,61266
3,7,20150
1,5,91760
1,6,75916
3,2,25651
2,2,25490
4,5,8457
3,2,19239
1,2,63570
3,5,26096
3,7,-21316
3,7,-5780
5,7,-9036
2,4,49164
5,6,21288
1,4,17375
2,6,1034
1,3,24282
4,6,12728
6,6,19692
4,5,38452
4,7,13263
2,6,15846
2,6,50784
1,3,50718
4,6,33387
2,5,56712
2,5,11168
1,5,59973
2,2,35342
3,6,24174
2,3,32304
2,5,37610
1,5,51164
4,8,28056
2,6,29336
5,6,17118
3,5,35020
2,5,3344
1,2,57152
4,5,15038
3,3,24536
3,4,42062
3,6,20910
2,5,22540
1,3,48588
4,6,31257
2,6,28120
3,6,6400
3,6,31842
5,6,18094
2,5,38526
3,7,1902
1,4,43950
2,4,36060
4,6,8580
2,6,42009
1,6,41628
2,5,30628
3,6,5037
3,4,38422
2,3,42256
3,5,26427
2,4,14110
1,4,30592
3,3,33616
2,5,15844
2,3,61539
1,5,15358
2,5,11263
1,4,18688
2,5,46092
1,2,17649
3,5,48736
2,6,18476
2,6,21306
2,5,75876
2,7,34908
4,5,16408
2,4,56754
3,5,31884
1,5,33490
3,4,46551
1,6,43088
2,4,54216
1,3,31412
4,4,29824
3,6,33116
2,3,26436
2,5,14808
4,6,47436
2,4,26288
2,7,38864
2,3,38440
3,6,56840
2,8,23450
4,2,0
3,5,54184
0,2,24116
2,4,33350
4,6,30630
3,6,25866
2,6,42195
3,6,37683
1,3,67119
1,5,81724
1,2,33496
2,2,38268
2,4,64608
2,3,35230
1,2,60960
2,3,33054
3,4,39136
3,5,22257
3,4,42381
3,6,44004
4,3,21007
2,3,18612
2,3,31880
2,3,47584
2,5,22330
2,5,53100
2,3,30616
4,6,4928
4,5,45696
2,5,59391
3,6,33969
2,5,54957
3,5,43122
3,6,10520
4,5,38904
2,6,42357
3,5,51381
4,5,44361
3,2,0
4,3,22397
2,7,6222
5,3,21865
3,8,25765
3,8,14016
2,4,33429
3,2,0
3,3,25720
2,6,62856
3,3,39366
3,5,48873
3,5,29199
2,3,52168
2,4,38218
2,4,41652
2,6,27327
1,4,81160
1,3,61776
1,4,54141
1,4,75248
3,4,46956
3,5,61572
3,4,47571
2,6,54988
3,3,37254
1,2,26322
1,6,16914
2,2,21851
3,9,-28684
1,1,33209
2,3,19472
2,5,-2362
3,8,-11394
3,7,-8571
1,3,46478
2,5,58395
4,8,-4830
3,8,11495
1,2,27269
2,6,61740
3,4,15072
3,4,19461
2,5,30064
3,5,31384
2,6,36005
0,5,63184
0,3,59044
2,1,19451
1,6,66992
1,5,92084
0,4,111220
2,3,45412
3,5,63972
2,4,78324
3,3,31910
4,4,25030
3,6,29612
3,2,0
2,4,52320
1,3,36024
1,2,66496
2,4,17688
3,7,13116
3,6,148
2,7,15624
1,4,26604
2,5,33066
1,2,38232
3,5,40580
2,5,28239
0,1,40970
2,5,35805
3,6,9056
2,5,43052
1,2,56571
4,5,39240
2,4,64516
0,3,73710
2,6,11412
2,5,50800
2,5,34137
2,4,50235
2,5,15606
2,5,27258
3,5,37008
3,8,7125
3,7,14535
2,6,47944
3,6,9204
3,6,26392
1,2,41872
3,6,-3897
1,4,21210
4,4,12289
2,4,42478
1,5,40122
3,6,49564
2,5,12591
1,5,25270
2,4,30104
2,5,55902
2,6,4308
3,6,10040
3,6,14664
1,3,45264
0,6,27606
2,4,36618
2,6,4674
1,5,38145
2,3,16076
3,5,47295
1,4,36344
3,5,51660
3,2,35698
2,5,25538
1,7,24544
0,5,50091
2,6,65696
2,5,36396
2,5,21528
1,7,37012
2,6,49044
3,6,30879
1,5,54328
2,7,38460
2,4,53727
1,2,37342
3,6,43746
2,6,47712
1,5,54513
1,6,33588
1,6,63844
2,6,42152
1,5,37053
1,6,41180
2,6,41637
2,4,63537
2,5,42612
2,5,21198
1,3,32252
3,3,0
3,5,50559
1,5,33306
1,4,60141
3,5,38526
2,5,46914
2,7,31045
4,3,0
2,5,61064
1,3,50808
3,6,32226
2,3,44601
2,7,24201
4,6,20274
2,3,62607
4,3,16203
2,7,62728
3,3,18999
3,5,28710
2,3,30350
1,1,22716
1,6,57932
1,4,54897
3,5,46569
1,2,43408
2,2,20332
1,4,56832
2,4,12684
1,3,55107
2,2,23408
1,3,52977
1,3,24436
1,2,44652
3,3,30836
1,2,24517
1,2,24277
1,4,53514
2,4,46077
2,2,17231
2,3,40528
3,5,8707
2,6,32386
2,6,39267
4,5,42993
2,4,65244
3,5,52749
3,4,26782
3,5,34005
3,4,44064
2,6,36546
3,8,-16676
3,4,19722
3,2,28381
3,5,44630
2,5,28392
1,4,45264
3,6,30588
2,6,45095
4,3,24216
2,6,19176
2,4,56520
1,6,61004
3,4,36328
2,3,40262
2,5,57261
1,4,35574
3,4,59523
2,5,47764
2,3,48352
2,5,53212
1,5,47256
1,3,56640
3,3,20764
2,4,21371
3,5,46575
1,5,30650
3,6,43026
1,3,88964
2,3,44928
4,5,29838
4,3,0
1,5,33636
1,4,31314
2,4,44997
1,2,48290
3,6,13864
1,4,32182
0,3,0
2,6,15992
2,5,28252
4,7,-32085
2,6,8712
2,4,19976
2,5,31892
2,7,22192
2,6,47284
2,4,14217
1,5,66420
1,5,56052
4,8,-28900
3,7,18790
2,4,0
2,4,15417
0,2,0
3,8,-21675
3,7,9690
1,3,0
1,4,41024
3,4,-441
3,6,16968
2,5,34584
3,4,28946
2,6,20805
0,3,30806
0,4,42220
4,6,-20424
0,3,32626
0,4,45860
3,5,25113
4,6,10761
0,4,56120
3,7,25316
3,7,42860
2,5,64516
1,2,19112
2,5,58664
3,3,18108
0,4,74172
0,4,69783
0,3,54582
3,3,42732
0,4,59478
2,1,20914
1,5,97936
3,3,8394
3,3,9857
0,4,94041
4,6,11094
2,7,30090
3,4,19364
4,5,9796
0,4,120144
4,4,14594
3,3,20706
1,6,71140
2,4,47931
2,4,22077
0,1,32620
4,3,23976
2,6,36604
2,3,38619
0,2,0
0,1,0
0,2,34262
4,5,22862
3,5,12094
0,1,0
4,6,28953
0,1,39492
4,5,27392
0,0,0
2,1,0
3,8,-12295
1,3,59398
2,3,29648
2,3,44076
1,4,89976
2,4,56374
4,7,-16908
2,4,104724
2,6,6774
0,0,0
2,2,50622
3,9,-21404
4,6,14460
1,0,0
2,7,36475
1,1,31389
3,4,55353
2,6,37035
1,2,22761
2,6,34512
3,5,47292
2,3,47718
2,4,31305
4,3,48098
3,7,34756
1,8,104
0,3,24218
0,1,38440
0,3,31858
3,4,-4830
2,4,37557
3,2,60322
1,7,3556
3,3,49162
1,6,8817
2,5,29044
1,2,30401
0,5,101700
2,2,52042
1,4,16902
2,4,25755
1,6,80875
2,2,28212
2,3,44895
2,5,6771
2,3,0
2,3,43792
2,2,48402
3,5,36252
1,3,52712
2,4,78232
2,6,20020
2,8,22724
4,2,26204
1,5,18998
1,3,0
3,6,27892
3,2,26879
1,1,31819
3,7,18000
1,1,26087
2,6,12483
4,6,38166
4,4,30075
2,6,12118
1,3,44444
2,6,37564
1,2,53512
3,2,30533
2,5,10622
4,3,51207
0,5,43398
3,7,-9834
4,5,21537
0,5,78351
2,4,20965
1,5,33132
3,3,46538
2,5,21993
2,6,52740
2,3,47199
4,5,26678
2,3,50355
4,4,27358
2,4,49335
1,3,24112
5,4,11250
2,4,-2889
1,7,48255
1,6,52812
1,2,34220
2,7,29798
1,3,27362
2,4,29318
2,5,31842
2,5,38637
1,4,34428
3,4,0
2,3,13317
3,6,23154
2,6,28746
2,5,40540
2,3,13077
0,3,0
0,3,25696
3,5,16227
1,3,0
0,3,0
3,7,13086
3,4,12366
3,5,308
3,5,9368
1,3,21663
2,4,24201
0,2,0
3,6,11508
0,3,20030
1,3,0
2,5,24596
2,4,41991
1,5,30330
1,7,33150
2,2,20959
2,4,15930
1,4,52794
1,5,12922
1,4,34232
2,5,29786
1,4,17732
1,2,37196
3,2,0
3,5,10527
2,4,28734
2,5,13083
3,3,21188
0,4,27594
3,5,21200
0,5,30328
0,5,47787
4,4,38612
4,4,47672
3,3,52929
5,5,31848
4,5,40236
3,4,62900
1,3,10394
1,5,10400
2,7,67460
1,6,44772
1,5,49329
2,5,53796
2,3,26996
2,4,60522
1,3,34886
3,3,0
2,5,26424
2,5,67588
2,4,28306
2,3,49138
2,4,44379
2,4,56872
1,3,62454
0,4,18988
1,7,51924
2,4,34614
2,7,35385
2,5,30040
1,4,42330
3,4,35416
3,6,25419
2,6,33807
2,5,51498
3,4,20856
0,5,43162
4,3,40008
2,3,19804
2,4,35722
2,3,46182
2,5,56592
2,2,27136
2,6,61840
1,5,66812
1,5,72372
2,2,26779
3,5,39894
3,7,44264
2,7,55448
3,3,22487
3,3,44710
1,2,0
1,5,48237
3,6,60496
1,6,78756
3,3,40630
1,6,72844
3,2,38056
1,5,66768
2,6,57064
2,8,42090
2,6,53541
4,4,31892
2,6,52821
2,6,69900
2,3,14405
2,5,14411
3,5,66572
1,5,84832
3,4,37592
1,4,71325
3,4,40392
3,4,47187
2,5,68700
2,3,40128
2,3,42908
1,4,70254
4,3,0
4,5,28854
3,5,34446
1,5,81992
2,5,57378
2,4,58608
2,6,57279
2,4,57261
2,5,90788
2,6,63956
2,5,84876
2,4,75792
2,4,35925
3,5,74656
1,3,37150
3,5,69096
1,3,39930
3,3,0
4,5,54177
2,5,31468
2,5,87948
2,5,68124
2,4,43262
3,5,61845
2,6,27476
2,6,55509
2,6,51075
2,5,42140
2,3,64676
2,3,73736
1,2,68307
2,5,41426
3,6,33322
3,4,51396
2,4,59784
3,6,48867
1,5,27374
2,4,34665
3,3,35018
1,5,78920
2,3,32040
2,2,60642
2,2,40946
3,3,23132
3,3,32842
2,5,49497
2,4,67188
0,2,0
2,3,44234
3,3,44949
2,3,49284
3,2,0
3,4,37128
3,4,35496
4,4,28740
2,4,41088
2,4,54032
2,3,42970
2,3,52882
3,4,36408
1,3,68571
3,4,48016
1,4,15467
2,4,65932
2,3,39704
3,3,51744
2,4,42720
2,3,56079
3,6,26060
3,2,0
4,4,35535
2,4,63092
2,4,20031
3,3,48759
3,3,41072
2,2,43166
2,6,62624
1,2,46056
4,3,20577
4,5,33444
1,3,60324
3,4,44655
2,4,65028
2,3,55812
1,3,20273
2,5,19484
1,4,46500
3,3,38292
2,2,45946
3,6,39240
1,2,48836
2,5,43748
2,3,40732
3,5,37662
1,3,64494
1,3,49626
2,3,40252
2,3,59982
1,2,17369
2,4,59451
2,4,74721
2,5,11664
1,5,28850
5,3,20045
3,4,17902
3,5,40990
3,2,26561
3,8,28928
4,3,19187
3,3,18944
4,3,22396
2,5,13323
3,5,20832
3,5,45543
2,5,58098
3,5,25876
3,5,62565
3,4,43923
2,3,37952
4,5,29274
3,5,43413
3,4,34152
3,5,28545
4,5,26198
3,3,10521
2,5,53931
4,3,19931
3,4,37484
3,6,45153
4,3,27250
2,4,36558
3,5,41832
3,3,35140
2,5,51801
4,4,38472
3,5,31790
3,5,47289
1,3,28898
0,3,24986
1,5,28910
2,6,53379
2,3,52659
3,4,40485
3,3,23900
1,3,18986
2,6,79036
1,6,56092
3,4,46240
1,5,62168
2,3,37791
2,4,43268
1,3,45456
2,5,36933
1,5,50058
1,3,50040
3,6,32842
3,3,32362
3,4,43203
2,3,37472
4,3,0
2,5,18843
2,5,25902
2,3,42374
1,3,45978
4,5,38901
3,4,3598
3,5,-6693
1,8,-13104
2,1,28765
1,4,24230
0,3,29014
0,2,35287
3,6,5588
0,3,58430
2,4,42332
2,4,32244
1,3,16980
1,3,27913
2,4,1281
3,6,-10536
2,3,0
3,6,-11412
0,0,0
4,6,4655
1,3,40478
1,3,31122
2,5,-4077
3,6,13678
0,2,45848
1,3,33624
0,7,53168
1,7,40108
2,2,56106
2,8,20972
2,1,68652
2,9,-4120
3,4,28948
2,3,38516
2,7,56152
2,2,51062
2,8,31060
3,5,31332
3,2,53904
1,6,10700
4,4,14709
0,4,58599
3,3,36314
1,5,45880
4,5,9344
4,5,24256
0,3,47126
2,8,-6224
6,7,-6693
1,6,52444
4,3,18942
2,7,28956
0,2,32442
5,5,18080
1,5,51423
0,4,76476
4,4,30508
4,6,6112
4,5,33672
2,5,62444
2,5,77356
2,3,35800
1,4,82206
3,4,29511
3,5,49384
1,3,49786
3,5,64296
1,3,42330
2,4,39306
0,2,62280
0,2,59354
4,6,45160
0,2,51898
1,3,53658
4,7,-696
4,7,5156
0,1,71900
0,1,64444
1,2,72477
4,6,16818
4,5,38100
2,5,44229
3,4,49844
3,6,26613
6,9,-4140
0,1,34828
5,6,28532
4,5,40276
2,5,40965
6,10,-29232
0,0,41101
5,7,15986
1,3,77400
4,6,27730
2,5,73497
1,4,91833
3,5,24153
3,6,46152
1,3,54248
3,5,63702
1,4,52284
2,4,82038
2,5,33948
4,7,27016
0,2,63816
4,6,49350
0,3,66636
1,4,48300
4,8,1924
4,7,30531
0,2,85455
3,3,24952
3,5,20688
2,2,30824
4,6,-2800
4,6,24564
2,2,43872
3,5,26540
4,6,3052
4,6,13380
2,2,51328
3,3,19761
3,5,41452
2,2,25633
4,6,17964
5,7,-14412
1,1,33727
4,4,23396
2,4,55278
2,3,54272
2,4,31428
2,3,57048
3,5,12832
2,4,36747
2,3,68232
2,3,43890
2,4,52192
1,2,56114
3,5,27744
1,2,61614
3,4,41646
4,7,2892
5,8,-21556
3,6,23308
3,5,46569
3,4,32048
2,4,64905
4,5,19824
2,2,31592
4,6,28953
2,5,27453
4,7,11410
0,2,0
3,5,-5544
5,7,-14496
1,4,19195
2,5,38442
2,3,27435
0,0,0
3,5,5920
4,4,32760
6,6,14232
2,1,36405
1,5,2760
2,4,23970
4,6,9088
1,5,15050
2,4,51020
4,6,27927
1,6,1634
2,5,24188
4,7,7803
1,7,10230
2,2,28599
2,6,43200
4,8,20776
1,5,71157
2,4,8290
3,3,40560
5,5,20148
1,0,0
1,4,75714
3,4,36003
5,6,17110
1,1,0
2,4,80181
1,5,5282
2,4,31536
4,6,14132
2,5,45066
1,4,18952
2,3,58824
4,5,33780
0,0,42921
2,2,44586
1,5,12094
4,6,23493
2,3,54744
1,4,10092
4,5,23752
1,4,7827
2,5,50178
4,5,19222
1,2,49696
5,6,15828
1,1,36937
1,2,52476
2,5,4204
5,6,11658
1,1,35547
4,5,30318
0,0,0
2,7,-11238
3,6,7420
2,5,5683
3,4,32739
1,1,0
3,5,2887
4,4,24351
1,5,13630
2,4,48180
4,6,25797
0,1,40260
1,5,3718
2,6,43032
2,4,28356
4,6,10929
0,1,35304
2,5,5443
3,4,32019
5,6,14454
3,4,42164
5,6,21285
1,1,38756
1,4,11555
2,4,54624
5,4,0
2,3,33194
3,4,21850
2,4,23628
1,3,45386
4,4,0
3,5,14754
2,2,20797
4,5,0
3,3,30170
2,1,0
3,3,41472
4,5,0
1,3,47666
3,2,54840
2,2,30156
3,3,0
5,6,10175
3,1,0
3,1,25144
2,2,32228
6,6,0
3,4,31779
5,5,0
4,4,0
3,2,28860
3,3,37778
2,5,26946
3,4,28760
3,2,27236
5,4,0
2,2,46232
4,5,0
2,3,41618
4,5,0
4,4,0
3,4,33610
4,4,0
6,6,7483
3,3,31634
4,3,24323
2,2,22709
5,5,13216
3,3,0
2,2,0
2,2,21937
2,1,34312
4,4,0
2,3,20625
6,5,0
1,3,44418
4,4,0
5,3,0
4,4,0
6,5,0
3,4,27466
4,4,0
3,3,32450
4,2,28796
3,2,26132
5,4,0
2,4,34042
4,3,0
5,4,0
4,4,0
4,3,0
6,5,0
3,2,31932
5,6,0
2,1,0
3,4,25842
3,4,16392
2,2,29185
2,3,24029
4,3,37128
2,3,26608
4,4,19948
5,7,40
5,5,12031
5,6,4952
2,1,0
4,2,42616
2,3,59304
3,3,29036
3,4,23492
4,3,32016
3,4,23504
4,4,0
4,3,0
4,3,24316
7,7,-300
5,5,0
4,4,26019
3,3,28386
2,2,58680
2,1,0
6,6,8371
2,3,40578
4,5,0
3,2,21760
6,6,3671
1,0,0
3,3,0
3,3,50672
3,2,45640
2,3,43826
1,1,0
1,1,36232
4,4,22002
4,3,0
5,5,0
3,3,15897
4,3,47028
3,2,42392
5,5,0
3,4,35818
5,3,0
4,2,18505
4,3,0
2,2,29420
4,3,13205
3,3,27040
3,3,16724
4,6,0
6,7,-6404
1,1,0
2,3,25225
3,2,20017
3,2,30308
6,6,7231
2,2,33852
4,4,18010
3,4,21868
3,3,24276
2,1,36596
2,2,47200
2,2,60728
3,3,55464
5,6,5296
2,2,26816
1,2,24629
2,2,60224
3,3,0
2,4,50067
2,2,20313
4,3,14389
2,2,26113
3,4,0
2,4,14269
4,5,14991
5,5,13468
3,3,52788
5,5,0
4,3,25947
2,3,34970
2,2,23117
5,5,12047
3,3,27412
2,4,35696
3,2,28327
6,5,0
2,2,31088
5,4,0
4,6,11687
3,6,11042
3,4,0
5,6,7931
3,3,52216
2,2,49480
2,3,32226
4,3,25492
2,3,35474
3,3,29586
3,4,11577
5,6,11315
4,5,0
4,4,0
2,3,39338
5,5,0
3,3,24929
4,3,25120
3,3,23952
1,2,33988
4,5,0
6,7,3115
3,3,23305
4,2,24212
5,6,8995
1,2,23489
3,3,35856
3,4,29648
4,4,0
2,4,38034
2,2,27309
5,4,0
5,4,0
3,2,0
5,4,0
2,4,22488
5,8,-4416
4,7,7554
2,0,0
5,4,0
5,4,0
4,3,46832
3,2,29168
3,3,17933
3,3,17121
2,2,29156
2,1,0
3,2,46456
3,3,37510
3,2,0
5,6,0
3,1,0
3,3,15125
3,4,27994
2,3,27101
3,3,20536
5,6,4220
2,3,17817
5,5,14295
3,1,32800
3,4,0
2,2,0
6,5,13263
4,3,23496
2,4,39658
2,1,33172
1,2,23005
5,5,0
3,3,25416
4,5,0
3,3,15952
2,3,19813
5,6,0
3,2,48032
2,2,48976
3,3,31130
3,2,30560
5,4,9624
7,7,-7548
6,7,-1452
2,2,23680
3,5,6317
2,2,0
4,2,25836
6,6,8623
4,3,50080
4,3,27116
5,5,0
2,2,33252
4,5,16160
4,4,0
3,3,39848
3,2,51280
2,3,22405
2,2,55120
2,3,25477
2,2,32480
4,4,20535
1,2,32848
0,1,39660
4,5,10176
5,6,5360
2,4,20745
5,4,16455
1,1,0
5,4,0
4,3,0
5,5,15183
5,5,0
1,1,38108
4,4,19874
2,2,0
3,2,20425
3,4,13320
5,4,18983
2,3,23204
5,4,17843
5,6,9100
4,6,1501
3,4,0
4,4,15720
2,2,29593
4,4,14580
3,4,17532
5,4,18775
2,1,33580
6,7,4255
4,2,0
6,4,0
2,3,25872
3,2,0
5,5,11184
4,5,3625
2,3,32690
3,3,14812
3,3,22109
3,3,26243
3,3,41584
5,5,7819
4,3,34848
2,2,24489
4,4,0
3,3,34690
3,3,38688
1,0,0
3,4,12688
4,6,2328
3,2,29784
5,5,10891
3,3,27306
3,2,19285
4,5,16131
3,4,10437
3,1,0
2,3,41546
5,4,0
2,3,36090
3,3,36314
4,4,0
3,3,49368
3,3,39192
2,3,16677
5,5,15435
3,2,0
2,3,56056
3,2,43360
5,3,0
1,3,42138
4,2,30420
4,5,0
4,3,0
3,3,16793
2,1,31240
3,4,31330
5,6,0
5,5,0
5,4,0
4,5,0
3,3,13985
4,5,0
3,4,27368
5,5,14356
4,4,0
5,4,0
5,5,0
4,4,21675
5,3,0
2,4,13129
5,4,18731
4,3,25746
3,2,26016
2,2,61928
2,3,17861
3,5,18499
2,4,24484
6,5,2812
2,2,26521
3,3,19709
3,4,18388
5,5,14775
3,4,28359
3,3,29354
2,3,29946
3,4,25186
3,4,19570
4,4,0
3,4,21224
4,4,0
3,4,23562
3,5,12474
4,3,0
2,4,33416
4,4,0
3,4,25714
4,3,0
2,2,0
3,3,37568
3,4,26480
5,6,10135
5,5,14608
2,3,18673
3,4,37575
5,6,9883
2,2,21569
5,5,0
5,4,0
3,2,30792
2,2,43952
4,4,0
4,4,21572
2,4,37378
5,5,0
5,5,0
4,5,17300
2,3,17504
2,4,35754
3,4,29706
4,5,0
5,5,13187
3,2,27500
4,3,23466
1,2,36796
4,3,20218
1,2,34032
3,3,44082
4,6,12827
6,5,1672
5,5,11980
5,7,-4484
4,5,15868
4,2,0
2,3,27496
3,2,0
3,3,25576
6,6,0
3,2,18877
5,5,13439
3,3,33576
2,4,46647
3,1,28216
3,2,30716
2,3,19485
4,6,0
3,2,44176
2,3,42362
4,5,18127
2,4,31762
1,2,35172
2,2,20545
3,4,38714
2,4,45802
3,1,28700
2,1,34796
3,5,18812
4,6,23840
4,7,9834
4,7,3690
5,7,-8502
4,4,18764
4,3,0
2,1,0
2,2,19173
3,3,35230
4,5,0
3,5,18618
3,2,29496
2,2,21977
4,4,0
2,5,24666
3,3,24058
3,3,55968
2,3,59808
3,4,41962
3,4,32570
2,1,30620
2,1,28996
3,1,27076
4,4,23626
5,4,8484
2,1,0
4,3,0
3,1,0
4,2,0
5,8,-8280
1,0,0
6,8,-20472
4,6,1130
3,1,0
5,3,0
6,4,0
6,6,6339
4,5,36639
3,4,0
2,3,0
6,4,17995
1,2,0
5,4,11367
6,4,0
3,2,28780
2,2,21685
4,5,14895
4,4,20480
6,6,-736
3,2,0
5,7,9590
2,1,0
2,5,30810
6,5,14727
5,6,-364
2,2,32476
4,6,8804
3,3,38554
2,1,25924
4,7,1352
3,3,0
4,3,14440
3,5,17672
1,2,0
3,4,30522
2,1,31644
3,4,0
2,1,28572
4,4,13724
4,3,13300
5,6,10240
5,6,2519
3,3,15169
2,2,63472
6,4,16811
2,3,0
2,2,28045
1,2,65536
6,5,13103
5,4,17107
5,5,13559
3,2,0
3,4,31986
3,5,20898
4,5,0
4,5,16987
5,6,8743
2,3,38370
3,3,38594
5,5,0
5,5,12299
5,4,17591
3,1,0
3,5,33183
3,1,0
3,1,0
2,4,54411
2,0,0
3,5,42399
3,2,0
2,3,75420
3,4,63408
1,2,64064
5,6,9416
2,2,0
5,6,7136
5,5,0
2,3,50786
3,3,0
2,2,0
5,6,13280
5,6,0
2,3,0
6,7,-7176
1,1,39288
5,6,-1191
2,2,33303
3,3,28487
2,3,26356
5,6,7119
4,2,0
3,4,17920
4,5,13916
2,3,44642
3,4,40995
5,5,14043
2,4,45195
2,1,0
3,4,39435
2,1,0
3,2,0
1,2,67312
4,4,0
3,3,0
3,4,38816
4,5,29184
2,2,0
5,6,15560
3,3,52822
4,4,43190
2,3,0
5,5,29566
5,3,0
6,4,0
6,6,5199
4,4,16000
4,3,0
2,3,18644
5,5,0
3,2,32184
2,3,31722
3,3,23557
3,3,25181
3,3,20485
2,2,51872
4,3,16013
4,5,14980
3,3,17132
3,4,19796
5,5,5504
2,1,30120
3,2,24135
4,3,19319
2,4,19605
5,4,12507
2,1,33192
4,6,4905
3,2,27207
3,5,9721
4,3,22391
5,4,15579
2,4,17673
5,4,14439
4,5,14728
3,3,22812
1,1,31632
3,2,41888
3,3,26338
2,2,34876
3,3,37938
2,2,29076
4,2,28439
5,6,0
3,1,34424
7,5,12807
4,4,36074
1,1,30008
3,2,58088
2,3,19001
5,7,-1080
6,6,0
6,6,6747
4,5,32295
1,0,0
4,4,62520
1,1,0
2,3,51912
5,5,0
1,1,36716
5,5,4364
2,3,27748
1,0,0
7,7,4367
3,4,11861
3,3,21936
1,2,21865
2,1,34564
5,5,0
3,2,32340
4,4,0
4,3,24731
3,1,0
2,3,54192
5,5,0
4,3,26355
5,4,21539
3,5,34635
2,0,0
4,6,21560
2,1,0
6,6,9555
2,4,40274
3,1,26768
3,3,0
5,4,19135
3,3,0
2,3,26863
6,6,8415
3,2,0
5,5,15540
5,5,2940
2,4,36410
3,1,29840
2,0,0
2,2,63976
5,4,0
4,5,29822
3,3,0
1,3,51530
6,5,0
3,3,52880
4,5,0
3,2,0
5,5,14760
3,4,32730
4,4,0
4,3,22498
3,3,52720
2,2,20061
3,2,18141
2,1,28688
2,1,27064
2,1,31760
2,1,30136
3,3,27347
4,5,4765
2,2,33332
5,6,-1220
1,2,34844
6,6,-2732
2,2,0
4,4,40910
3,4,0
2,3,55904
5,5,0
6,6,0
5,7,6184
2,1,0
3,3,0
4,4,0
2,4,41898
5,4,0
2,1,0
4,5,20760
5,5,0
2,2,31900
6,5,0
7,6,0
5,5,12419
4,3,22779
4,4,0
3,2,28764
5,5,0
2,2,30276
6,5,0
1,1,35092
7,6,0
6,5,10499
2,2,0
5,3,20859
3,4,0
4,2,26844
4,5,0
3,2,28356
2,3,20170
0,0,0
2,3,14430
0,1,77556
3,4,22435
0,2,43995
2,4,29946
2,3,36016
2,6,34368
0,2,29667
5,5,0
2,4,49332
1,1,16657
2,5,54524
2,6,47644
4,5,54036
2,5,39492
0,4,45028
3,3,38854
1,4,68144
2,3,39370
1,5,49448
1,3,78651
4,5,57816
2,3,17414
1,3,36880
0,5,33930
0,5,37995
0,2,39822
0,3,41580
1,6,38544
2,7,24176
0,2,45306
0,3,62256
0,5,56166
0,2,99594
3,4,23132
0,1,30362
3,4,22821
2,3,23758
3,3,23223
1,4,49851
2,5,36920
0,4,68470
1,4,43116
2,5,25524
1,4,60248
2,4,27480
0,3,76780
0,4,53868
0,4,53560
0,4,58732
0,4,76184
5,6,41151
2,3,57693
3,5,21603
2,5,28776
4,5,6558
1,4,68330
1,6,-12621
2,5,14556
3,4,16620
3,4,34128
3,5,33132
3,5,33996
4,8,5580
2,3,63454
2,5,44379
3,6,20565
0,0,40678
2,6,8310
2,3,0
0,1,31524
0,0,31883
0,2,40348
1,1,51747
0,2,32130
0,1,46536
1,3,29453
2,6,38668
0,1,41817
2,3,19467
1,2,22157
3,6,14930
0,4,88080
0,4,56060
2,4,48654
0,2,63736
2,3,14819
1,1,29593
2,7,55256
2,9,-54782
0,1,69648
1,3,64896
0,6,32000
3,4,10027
1,1,33384
1,4,26577
2,5,-3969
5,5,15828
1,4,25620
1,6,2850
2,7,-23760
1,3,29942
1,2,30125
1,4,54920
2,4,63840
0,3,68196
0,5,52650
1,6,30696
5,5,0
2,4,52295
3,4,23366
6,6,35202
2,2,19203
1,2,25638
4,4,21221
4,4,19188
3,6,40812
1,5,45292
5,4,19128
4,4,24184
2,3,68384
4,6,41580
0,2,25581
2,6,14700
2,6,34656
0,5,37084
1,3,55518
3,4,15216
2,5,42920
2,4,52496
3,4,30978
1,4,48336
2,4,59184
5,5,12716
3,3,39248
1,3,66960
1,5,40248
2,5,37488
1,5,38508
2,4,35356
2,3,25308
1,3,133902
0,4,62616
2,4,51856
2,5,22964
2,3,13150
1,4,48816
0,4,53612
0,4,60600
0,2,38956
2,6,25686
3,5,38187
2,4,20460
2,3,47652
5,5,14748
2,5,47652
4,5,61056
2,3,13350
1,4,49416
4,6,18772
2,3,78789
2,3,20844
4,7,11542
2,6,37756
4,5,41604
0,1,49636
1,3,133905
3,4,51268
4,5,31701
3,4,16136
4,4,49122
4,4,47364
5,6,22836
0,2,38116
2,6,25056
0,5,60100
6,6,10473
3,6,14814
3,4,9075
3,4,73881
2,5,36591
1,5,37312
2,4,91824
0,1,33386
2,5,30024
2,5,56840
2,3,23352
3,3,59946
0,4,68380
5,5,14118
2,4,39896
0,1,46947
2,5,45762
0,4,53632
2,3,12720
3,3,42052
0,1,53895
2,4,30632
0,4,44368
3,4,25806
2,3,10404
1,3,97140
3,3,37420
0,1,64299
2,5,10536
2,5,28410
0,4,28756
0,1,18841
2,5,60310
1,4,63250
3,3,71336
5,6,10228
0,0,58617
4,6,41016
2,6,14324
0,5,38072
3,5,22658
2,4,8830
1,4,90844
0,5,43320
5,5,11253
0,1,55542
2,4,28436
4,5,44091
3,4,24708
1,4,38931
0,4,40432
3,3,36322
0,4,47420
2,5,34740
4,5,43992
2,4,46736
0,4,40300
1,3,40058
5,7,36015
3,5,7163
1,6,29664
4,5,30938
1,4,44312
6,6,6434
3,5,9160
1,2,13635
3,6,22710
1,5,22896
3,4,5036
1,5,28144
2,6,32850
4,7,65315
0,3,38650
2,3,0
2,7,53775
0,6,61326
5,5,12636
2,5,31908
0,4,45964
1,3,100476
3,3,39088
2,5,28660
5,5,14260
4,5,53112
0,1,37113
0,4,54200
2,3,12862
1,4,47952
1,3,106972
3,3,42336
2,5,53685
5,5,14897
2,4,43012
4,5,55023
0,1,39024
2,5,23662
0,4,56748
2,3,13499
0,4,55008
3,3,43610
5,5,26076
2,5,39508
2,4,44470
4,5,65928
2,3,23280
0,4,59465
3,3,59838
0,4,68200
0,0,0
5,5,11007
2,5,65355
4,5,43353
0,1,27354
2,5,15882
0,4,41188
3,4,24216
2,3,9609
1,4,38193
0,4,46436
6,8,7212
3,7,-2690
1,2,58372
5,8,28200
1,4,6868
3,8,1620
4,7,14121
1,7,12305
4,6,31542
1,7,21040
1,4,61692
3,5,32336
1,2,31017
1,5,46072
1,5,44332
4,4,38272
2,4,41272
2,5,40060
4,6,62400
0,2,41068
2,6,27270
2,4,21516
0,5,55055
3,4,57192
0,5,63790
0,3,46868
5,6,22536
2,5,20208
4,6,54780
0,2,28115
2,6,17784
2,6,43240
2,4,18342
0,5,38202
3,4,57680
0,5,48684
0,4,64312
5,5,14868
2,4,42896
0,1,38937
2,5,48012
1,4,49776
0,4,54892
3,3,43552
0,0,0
0,4,76880
5,5,11726
2,4,30328
4,5,45510
0,1,29511
2,5,17320
2,5,38586
3,4,25654
2,3,10328
0,4,42324
3,3,37268
0,4,49312
5,6,18588
0,3,64956
2,5,25750
4,6,50952
2,6,18684
2,6,41720
2,4,15792
1,5,44072
0,5,40745
1,4,108885
0,2,0
5,7,10122
4,7,40698
2,7,14112
0,2,83296
2,7,33774
3,6,22446
2,5,8724
1,6,35538
0,4,58146
5,5,23128
2,4,37100
4,5,60032
0,1,38700
2,3,20332
1,4,53152
0,4,52095
0,4,60830
1,1,37980
2,3,23949
6,6,17616
3,5,23320
5,6,49008
1,2,27676
3,6,17226
3,6,39776
1,5,40490
3,4,14820
2,5,42128
2,4,106455
4,4,47148
1,5,47050
3,3,24282
5,6,16950
2,5,21655
4,6,47676
0,2,26344
2,6,16227
2,6,38444
0,5,38825
2,5,50892
2,4,14154
1,5,40796
0,5,36650
1,4,52656
1,4,104790
3,4,46149
0,5,45385
1,2,61254
7,7,2130
4,6,-8056
2,3,723
4,7,-1872
2,6,5680
4,5,732
3,6,11562
3,5,58452
5,5,18076
2,3,15750
0,0,0
5,5,14508
2,4,41456
4,5,53856
0,1,37857
2,5,46932
0,4,55192
3,4,31218
1,4,48696
0,4,53452
3,3,42832
0,4,60440
1,1,0
1,2,19231
6,6,11027
3,5,27532
5,6,43413
1,2,27414
3,6,15922
3,6,36489
1,5,41268
4,5,24256
2,5,38253
1,5,39528
2,4,94040
4,4,35870
5,5,10088
2,4,23776
4,5,40596
0,1,24597
2,5,33672
0,4,37512
1,4,35436
1,3,90284
0,4,42760
5,6,12828
2,2,0
2,5,11350
4,6,39432
0,2,18100
2,6,30200
0,5,28520
3,5,22545
0,5,26345
3,4,39966
2,3,16860
5,5,13398
2,4,37016
4,5,50526
0,1,34527
2,5,20664
0,4,50752
1,4,45366
0,4,49012
1,3,103524
3,3,40612
0,4,56000
1,2,21295
6,6,8963
3,5,19276
5,6,37221
1,2,21222
3,6,11794
3,6,30297
1,5,31272
1,5,38260
0,1,42600
1,3,39904
2,5,46420
4,6,67488
0,2,46156
2,6,31086
2,6,58256
0,5,63590
3,5,43587
2,4,24060
1,4,129555
3,4,61008
1,3,53688
5,6,13072
2,5,11960
4,6,39920
0,2,18588
2,6,10410
2,6,30688
0,5,29130
2,4,10276
0,5,26955
1,4,95095
3,4,40332
1,3,113244
0,5,35690
0,3,55096
6,6,11664
3,5,8440
5,6,37104
1,2,15772
3,6,8298
3,6,27872
1,5,25610
0,4,60472
4,5,20799
3,4,8868
1,5,23435
2,4,91575
4,4,38220
3,4,33858
1,5,32170
5,6,10068
2,5,23696
1,3,69936
4,6,40536
0,2,24537
2,6,14004
2,6,33612
0,5,37432
2,4,8670
0,5,35692
1,4,90204
0,5,42680
0,2,70394
5,7,18075
0,2,48972
2,6,11286
4,7,47345
0,3,20680
2,7,11836
0,6,31890
3,6,28504
2,5,13881
1,5,111048
3,5,51732
0,6,39762
0,4,67564
5,5,13620
2,4,37904
4,5,51192
0,1,35193
2,5,21108
2,5,44268
0,4,51640
3,4,29442
2,3,12222
1,3,104412
3,3,41056
0,4,56888
5,7,6354
0,2,56786
2,6,-12156
4,7,27810
0,3,1145
2,7,-3792
2,7,16270
0,6,8448
3,6,12876
2,5,2160
1,6,19210
1,5,87606
3,5,36104
0,6,16320
0,4,73516
0,0,0
5,5,12132
2,4,31952
4,5,46728
0,1,30729
2,5,18132
2,5,39804
0,4,45688
3,4,26466
2,3,10734
1,4,41568
1,3,98460
3,3,38080
0,4,50936
0,4,62332
5,5,14928
2,4,43136
4,5,55116
0,1,39117
2,5,23724
2,5,48192
0,4,56872
3,4,32058
2,3,13530
1,4,49956
1,3,109644
3,3,43672
0,4,62120
5,6,28818
1,2,69066
2,5,32772
4,6,65250
0,2,38585
2,6,26160
2,6,53710
0,5,53376
3,5,42828
2,4,24624
1,5,56650
0,5,50766
3,4,66056
3,3,45472
0,5,61248
6,7,16083
3,6,7302
5,7,44025
1,3,17360
3,7,9180
3,7,32485
1,6,27906
4,6,25848
3,5,11889
2,6,35425
1,6,25296
4,5,49076
1,6,35778
2,3,49840
1,0,0
6,5,13644
3,4,38000
5,5,51264
1,1,35265
3,5,21156
3,5,44340
1,4,51736
4,4,29490
3,3,12246
2,4,46104
1,4,49996
2,3,104508
1,4,56984
2,1,60512
1,2,0
6,7,8308
3,6,16656
5,7,35256
1,3,19257
3,7,10484
3,7,28332
1,6,30392
4,6,18818
3,5,6910
2,6,30096
1,6,28652
2,5,83164
1,6,35640
3,3,26432
5,5,24264
2,4,39940
4,5,62304
0,1,40972
2,5,27198
2,5,53072
0,4,57110
3,4,39699
2,3,21468
1,4,55424
0,4,54935
1,3,123075
0,4,63670
3,3,48496
0,0,0
5,5,14316
2,4,40688
4,5,53280
0,1,37281
2,5,22500
2,5,46356
0,4,54424
3,4,30834
2,3,12918
1,4,48120
0,4,52684
1,3,107196
0,4,59672
1,1,37648
2,2,30088
6,6,16952
3,5,21660
5,6,47680
1,2,26348
3,6,16230
3,6,38448
1,5,38830
4,5,28731
3,4,14156
2,5,40800
1,5,36655
2,4,104795
1,5,45390
0,3,66030
0,1,39420
5,6,20496
2,5,30520
4,6,54768
0,2,33436
2,6,21546
2,6,45536
0,5,47690
3,5,34047
2,4,17700
1,5,47888
0,5,45515
1,4,113655
3,4,51468
0,1,39016
0,3,67242
5,6,19688
2,5,28500
4,6,53152
0,2,31820
2,6,20334
2,6,43920
0,5,45670
3,5,32835
2,4,16892
1,5,46272
0,5,43495
1,4,111635
3,4,50256
0,3,68580
0,1,38570
5,6,18796
2,5,26270
4,6,51368
0,2,30036
2,6,18996
2,6,42136
0,5,43440
3,5,31497
2,4,16000
1,5,44488
0,5,41265
1,4,109405
3,4,48918
0,3,80504
0,1,0
5,6,12132
2,5,31952
4,6,46728
0,2,30729
2,6,18132
2,6,39804
0,5,45688
3,5,26466
2,4,10734
1,5,41568
0,5,43948
1,4,98460
3,4,38080
0,4,69930
0,0,38120
5,5,17896
2,4,24020
4,5,49568
0,1,28236
2,5,17646
2,5,40336
0,4,41190
3,4,30147
2,3,15100
1,4,42688
0,4,39015
1,3,107155
3,3,47568
0,4,65720
1,1,64880
3,5,74428
1,3,108924
2,3,82029
3,5,80960
5,5,31490
3,6,31683
4,7,29919
5,6,19876
7,7,8837
2,6,32508
2,6,30768
4,5,7439
1,2,29244
3,5,22911
1,3,109520
2,5,41370
1,3,122950
2,5,51012
1,3,90236
1,2,37728
2,6,51685
4,6,30896
2,7,21320
1,7,14480
3,6,4416
1,5,38315
0,2,55988
3,5,44688
1,3,135430
3,4,0
3,4,97740
5,4,30396
2,3,0
2,4,108465
6,5,19610
5,6,41637
1,2,0
2,4,118630
6,5,23676
2,5,42576
4,5,27138
1,5,52280
1,5,47032
3,4,11070
3,6,18804
3,5,33296
1,4,119970
0,3,48788
1,3,109404
0,3,56992
1,3,92996
0,2,35030
1,4,83575
3,5,39430
3,5,31185
0,5,49480
0,2,29620
1,6,38745
2,7,35805
1,3,107964
1,2,20551
2,4,88760
1,2,26291
1,3,85004
4,4,24390
3,4,22378
0,4,35772
2,5,14044
1,3,127785
1,4,59192
3,4,42525
5,5,26148
0,4,61820
0,4,59645
2,4,44650
1,3,94812
1,3,49274
2,5,65744
0,2,68062
2,4,57236
5,6,12150
5,6,29634
2,5,24474
4,5,15070
1,5,21156
1,4,91596
1,2,71754
2,5,80385
4,4,47742
1,2,76074
1,4,85836
4,4,43422
4,5,53496
1,2,85410
1,4,79148
4,4,38406
4,5,44160
1,4,43320
0,1,100578
2,5,71372
5,5,32574
5,6,38328
2,5,28152
3,6,35724
4,5,23746
1,5,45496
6,6,10772
3,4,9374
1,2,26649
3,6,15412
1,5,52287
5,9,68742
3,5,15986
5,10,36800
1,5,40560
4,5,29062
3,3,23849
1,6,18334
2,4,70620
5,6,35370
3,5,35780
0,0,35884
2,4,65589
3,5,37329
2,3,20575
3,6,85376
1,6,30958
2,3,35942
5,6,9044
4,7,8122
1,3,48249
2,3,39384
3,5,25332
2,3,53814
2,4,56644
2,4,43623
1,5,59880
4,5,45312
3,8,74620
1,5,56070
1,3,55173
1,7,29742
1,4,28460
1,3,49095
2,4,62862
3,6,30584
0,3,23016
4,4,48060
3,4,47966
4,7,23632
5,8,-4630
2,4,65296
1,3,45788
5,9,9945
2,1,59988
4,5,43470
1,3,66522
2,4,67668
3,6,31040
2,3,17384
3,5,38550
1,4,44973
1,5,30466
1,6,31602
1,5,0
3,6,20292
0,4,43498
1,6,32918
4,5,12382
4,7,9914
1,6,19352
1,3,65700
3,5,30884
5,7,8164
3,3,44486
2,5,48008
2,5,42606
3,5,18326
1,3,72136
2,7,89740
4,6,76964
2,8,20343
5,7,19384
3,6,38365
3,6,83924
5,8,14757
3,5,77262
4,5,14896
2,4,51508
4,8,78885
3,4,0
2,3,25736
5,7,27524
3,4,26274
1,6,17770
4,5,19956
1,3,62536
2,3,49251
4,6,21483
3,5,22593
2,5,45148
4,5,21466
2,4,44577
2,3,37902
2,4,62656
5,7,9080
5,7,37896
5,6,29082
3,4,34950
1,3,68560
2,4,48249
1,6,17890
4,5,35430
3,4,37842
2,3,32194
6,7,10834
4,6,32792
3,4,52702
3,4,51030
1,6,25930
5,6,12096
4,8,73985
4,4,26145
2,5,56988
4,6,16845
2,5,24705
0,2,66513
5,6,19238
5,6,33646
1,2,47608
1,7,19260
4,6,18662
2,5,36560
2,5,48448
1,6,25503
4,8,61998
1,3,43446
4,5,23254
1,3,60489
2,4,43812
2,9,-16025
5,11,-10984
5,8,-1176
3,4,29802
2,4,55428
1,3,78762
4,5,18672
4,5,45585
4,8,57955
2,4,42604
3,4,23390
5,9,62862
1,3,45954
5,6,23112
5,6,52245
1,2,85998
1,7,24020
4,6,30284
2,3,25617
4,6,26748
2,4,61515
4,8,64745
4,5,14028
2,4,55971
1,5,28506
4,6,15372
0,4,65907
2,6,22906
1,6,18951
1,4,38910
3,8,18789
3,4,29278
1,6,0
3,6,10406
2,4,61971
4,6,37683
2,4,56690
2,6,0
0,3,85460
3,9,54604
5,10,34965
3,5,36324
1,5,35398
0,4,35458
1,4,40161
2,5,52410
0,4,37086
2,2,0
2,3,22123
3,7,48540
1,5,59937
2,5,36978
4,6,16571
1,5,24298
2,5,54657
1,5,23888
6,6,30546
3,4,0
4,5,32000
4,5,14351
2,3,31324
4,5,27600
3,4,44452
2,4,33398
3,4,49911
2,4,50532
3,5,36555
3,5,14060
4,6,45144
5,7,12244
3,4,44619
2,4,36926
3,3,39334
3,5,17905
3,6,42453
3,7,66104
3,5,42120
4,5,37323
3,6,39741
5,7,8466
3,3,50488
4,7,18195
4,6,27886
1,6,29558
5,7,30081
5,6,18034
3,4,49342
1,2,48990
2,4,60549
2,7,75764
5,6,21376
2,8,77000
3,9,61044
4,3,19524
2,7,79444
2,8,79450
2,7,79475
2,7,82348
5,8,45072
2,5,47892
4,6,61772
5,7,48188
5,7,58500
3,6,63213
4,6,73885
4,6,65348
1,5,87240
3,8,45628
3,6,77204
3,5,39104
3,7,69730
4,7,67724
4,7,68804
2,4,52860
3,6,72308
3,7,84126
3,6,103375
2,7,46328
5,8,20217
4,6,63414
4,5,30462
3,4,0
5,10,39020
3,4,35882
0,0,34904
1,2,83058
4,8,62855
2,6,34818
3,4,0
3,5,28848
2,6,14417
3,4,0
3,5,12133
3,4,45972
3,5,15093
3,5,10587
2,4,93315
3,7,10746
3,5,16952
2,6,23778
3,6,44337
4,5,33096
2,3,21716
4,5,22334
3,4,21581
2,7,0
2,8,16972
3,3,20560
3,9,57848
1,5,48792
1,2,27911
3,4,50667
3,3,22001
1,6,27962
6,7,16316
4,7,26504
3,5,71802
4,6,26572
0,2,61053
4,5,14792
4,5,15120
4,5,22312
4,5,14490
4,5,14804
1,5,0
5,5,27690
2,3,58389
2,3,40662
2,4,54300
0,3,69771
0,3,67251
4,4,35145
1,4,58863
3,4,59550
1,6,48402
2,4,55872
2,3,52194
2,4,34068
4,6,21322
4,6,21210
2,4,45180
2,3,50616
3,6,28332
2,5,59312
4,5,49278
2,3,44211
3,6,27300
3,6,92776
3,5,68865
1,3,70845
1,3,63732
4,5,34848
2,3,51441
4,5,43072
3,6,30342
2,5,52540
1,6,24006
3,3,36890
3,5,65868
3,5,20334
4,5,28239
4,4,36386
3,3,45468
5,6,24322
5,5,22095
1,1,31834
2,4,37854
5,7,22236
3,4,0
2,2,0
2,4,22718
2,2,22698
2,3,40404
2,4,35280
3,6,44552
2,3,42230
4,5,24470
2,3,40550
3,4,41094
4,5,34908
3,4,25000
2,4,39537
2,3,40494
1,6,26454
5,5,29511
3,4,31422
4,4,23571
3,5,33306
3,5,55368
3,4,30854
5,6,28149
2,7,73660
3,6,43431
3,5,35658
3,5,49083
5,6,25386
3,4,42990
1,3,73080
3,4,37143
3,4,34146
4,9,59880
4,5,30554
2,3,30430
2,3,28174
2,4,51298
3,5,33792
3,4,55748
3,4,45714
5,6,23190
4,4,19233
3,4,49062
3,5,56943
4,6,65922
4,5,0
5,6,16176
3,5,55500
4,5,36642
3,4,36630
4,5,41206
2,4,74040
3,4,47334
1,6,32469
3,7,82855
5,6,18172
2,4,65928
4,5,34458
3,6,18820
4,6,21885
3,7,60325
2,3,44250
2,3,37962
2,3,44790
1,2,47198
1,4,69352
2,7,21778
2,5,35254
5,5,28148
0,2,61473
4,7,64276
4,6,62526
1,3,74176
3,4,27282
0,2,62524
2,4,64026
3,4,20705
1,3,43072
1,7,27768
4,6,28998
2,5,51388
4,9,55392
4,6,22190
2,3,33220
1,2,39568
1,4,78836
2,4,27590
2,3,58452
1,4,49296
2,5,55840
0,4,51855
1,4,54225
4,4,43566
1,3,35286
3,4,34029
1,4,44064
2,3,65712
1,4,57489
2,3,47812
2,3,67052
2,5,37848
2,3,52893
3,4,43371
3,4,65661
2,4,35886
3,4,63153
0,0,62840
1,3,45549
1,3,87160
2,3,42306
2,4,52209
0,4,37690
2,3,65472
2,3,22832
1,4,52512
2,3,54969
3,4,29142
3,4,32034
2,3,29290
2,4,46641
0,0,32980
1,4,66015
1,2,77286
1,3,40146
1,3,50871
2,5,54024
1,3,76004
3,5,63760
1,4,71340
2,3,92475
4,5,27270
1,5,89230
4,6,66660
1,3,85240
2,3,23160
0,3,64983
2,3,54948
2,4,60316
2,4,69512
1,3,89130
2,5,49124
1,3,40802
0,0,33048
4,8,8624
1,2,59400
4,7,13755
1,1,63128
2,6,34035
1,4,71958
1,6,27783
1,4,47997
3,3,47109
1,3,73722
3,5,76856
2,4,90508
4,5,22200
2,4,55575
1,3,71040
1,3,66702
1,3,70050
2,5,48735
2,4,87736
1,3,69144
2,4,61292
1,6,22168
0,5,59156
1,7,37996
2,5,16043
4,5,48104
4,6,37004
3,5,38866
3,6,43980
2,3,24637
4,9,61719
2,3,23853
2,4,71335
2,3,21819
2,4,60540
3,5,42060
1,3,67376
1,2,77490
1,3,117935
1,2,75516
2,8,12900
2,2,99484
4,7,8317
5,7,12404
3,9,49704
1,4,96888
5,8,36928
5,10,28840
5,7,9947
1,3,86524
2,4,82025
3,5,22185
2,3,71262
1,3,38966
2,5,30530
5,5,43998
4,5,15183
5,6,26640
1,4,61251
3,4,43893
1,3,40806
4,5,39465
4,5,63585
1,4,55701
1,6,25190
4,6,64140
3,6,71100
2,4,62649
2,3,22530
3,6,41670
4,5,14434
2,3,53058
2,5,57972
3,5,53439
3,6,48010
2,3,37778
1,2,41196
0,0,32678
4,6,43868
3,3,40790
2,5,48150
3,4,66840
2,6,64244
4,5,40500
0,3,67167
2,4,49455
3,5,47667
4,4,24297
2,5,46356
1,3,39750
1,3,54945
3,7,26010
0,0,34036
4,9,-15918
0,1,0
1,1,34421
3,6,10321
5,9,-4588
3,6,11393
5,9,-18564
3,7,10432
2,6,65325
3,7,22132
3,7,40998
1,4,50106
2,3,27788
2,7,42408
0,1,0
0,1,0
3,5,0
2,6,43326
5,10,-20925
5,9,1688
0,2,57946
4,8,1072
4,7,6888
3,5,21939
4,7,13966
1,4,36918
0,3,58008
0,2,31564
0,4,57399
0,3,70947
1,7,26350
2,3,21552
2,4,36022
2,4,33366
0,1,0
4,9,-43384
2,4,27694
3,7,13674
0,2,56446
4,8,-714
1,3,0
2,5,24490
1,4,44026
1,4,31890
3,6,18694
5,9,-10866
5,9,-2358
5,8,4293
2,6,53529
2,8,-20560
2,8,-48020
1,6,27459
0,1,32528
2,6,28832
1,4,18104
1,5,23118
1,4,45513
2,8,-17565
1,5,30986
1,5,39558
2,8,-6944
0,1,0
3,9,-16100
0,1,0
3,9,-32130
1,3,76329
0,3,49944
7,10,-2230
4,9,48040
3,5,60708
6,11,-11190
3,4,23481
5,12,-12795
5,10,7540
5,8,17096
8,10,-16380
3,4,47462
2,2,24509
6,8,11796
6,8,4628
5,6,27220
5,5,32490
3,5,15926
5,5,28962
5,7,1148
4,5,17094
3,6,32199
3,4,60380
3,6,17676
3,3,78200
4,8,-22760
4,7,9932
1,1,0
6,8,6036
7,9,-33036
2,2,28153
2,2,31020
1,1,0
4,5,19234
6,7,22083
7,8,8235
2,3,55526
3,5,40102
3,3,28245
4,4,24465
0,1,55596
5,8,-35085
2,3,54780
2,2,49610
4,6,16908
0,1,34404
4,5,26529
2,3,24782
2,2,51266
3,4,35842
3,5,26932
3,6,31167
4,7,24276
4,7,11452
1,2,84330
4,5,30174
3,4,22613
4,6,21264
3,4,72944
3,4,60120
6,8,-9516
6,12,-4225
6,12,-13045
3,5,34562
2,3,54148
3,5,57210
5,8,29349
4,5,22560
2,6,60775
3,8,35826
3,4,68049
4,10,14343
2,2,53210
4,10,36744
5,11,-21864
3,4,38260
5,8,3425
3,6,67008
3,5,60420
3,5,68142
2,2,65904
2,4,85524
6,9,32096
4,7,74176
3,6,89296
3,3,28945
2,6,71852
4,7,39545
2,6,50760
2,6,71585
0,0,0
2,8,92850
2,1,32308
3,8,49550
2,3,55728
4,9,33540
2,4,68193
5,5,9123
5,8,-31368
3,5,28164
3,6,8072
2,2,39842
4,8,3828
2,1,30540
6,8,-13152
3,5,26104
4,6,6568
5,6,9752
1,1,0
1,1,0
3,4,29682
4,4,22065
2,3,67644
4,6,5675
4,5,32344
1,3,33926
1,3,42957
1,1,69666
1,2,0
5,8,4150
4,5,34000
5,8,-4950
5,8,-13770
1,1,36319
5,8,-5358
1,3,44806
4,4,44278
0,1,60752
2,4,38523
4,5,19872
0,1,67920
2,4,58893
3,2,20832
4,5,6144
3,6,20772
4,6,-5120
3,5,23259
3,3,52860
2,4,62439
3,5,48591
3,6,47325
2,5,66225
2,2,62121
1,6,-3600
3,4,35040
1,4,40377
3,6,-7020
2,5,22452
1,3,41658
0,2,57392
1,3,67368
2,1,29566
2,7,17688
4,5,24606
1,4,50589
2,3,59913
2,3,69531
2,5,37348
4,7,-8640
2,4,59739
4,6,32193
3,3,25905
3,6,-5688
1,1,0
2,4,59104
2,4,21678
2,4,19125
4,6,10680
3,5,30328
3,6,1025
3,6,35874
4,7,-7290
0,0,0
2,4,28486
5,7,6336
3,4,39294
2,4,59073
2,4,46556
2,2,54346
2,2,31637
3,6,29428
4,5,33300
2,4,45964
2,5,47892
4,5,36696
2,2,56002
3,3,46770
4,5,30316
2,2,32693
5,6,21084
0,2,100890
1,4,66870
2,6,11502
1,3,54261
1,3,75544
2,3,43596
1,2,26118
2,5,48990
4,5,15876
1,2,29324
2,4,45759
2,3,23041
0,0,0
3,6,27484
1,3,64473
4,6,24526
4,9,62645
4,6,13608
2,5,46356
1,4,69784
2,5,49167
4,5,23390
4,8,59805
4,5,13040
2,4,44084
3,4,24130
1,3,43269
1,3,67512
2,4,47463
4,6,37808
4,6,32391
2,5,52668
4,6,66624
1,4,60900
1,4,87810
2,5,67890
5,7,11494
5,10,30065
5,7,7092
4,6,12234
5,7,25902
2,5,25425
3,6,29619
4,5,22074
4,8,56515
2,4,41452
3,4,22814
4,5,36482
1,3,41295
1,3,64880
2,4,45489
1,4,45078
4,10,26115
0,2,0
4,7,6302
2,6,17132
3,6,10654
4,7,24322
1,5,23055
2,6,27249
4,5,35640
4,8,57540
4,5,12587
2,4,42272
4,5,36892
1,3,41910
2,4,46104
3,8,10281
2,3,24069
6,10,31554
6,7,12676
4,6,21595
6,7,36591
3,5,50880
4,6,36476
2,8,10506
5,10,35425
3,6,24580
5,7,28046
2,5,28641
3,6,32835
4,4,37972
1,7,17020
4,9,51710
0,1,0
4,6,11421
2,5,37608
3,5,20892
4,6,34560
1,4,61036
2,6,27510
5,8,66012
5,5,24162
3,4,50310
4,4,33318
5,5,53820
2,3,53856
3,4,59448
4,5,32422
1,6,22570
4,8,65585
2,4,48708
4,5,40110
1,3,46737
2,4,50931
3,7,15981
2,1,37362
6,6,16476
4,5,31095
5,5,21789
6,6,42291
3,4,38484
3,4,60380
4,5,44076
1,8,25563
4,7,30261
2,6,47065
3,6,31371
4,7,51873
1,5,51260
2,6,56852
5,7,25041
4,6,26151
5,7,46653
2,5,44300
2,5,67650
3,6,49892
2,9,8032
5,8,14296
3,7,17400
4,7,15776
5,8,43112
3,7,38500
1,6,23970
4,5,27102
3,4,27842
4,5,41510
1,3,48837
1,3,74936
2,4,53031
2,7,28014
5,6,32712
5,9,67020
3,5,51150
4,5,33822
5,6,54324
2,4,54528
2,4,80435
3,5,60120
3,8,6210
6,7,9342
6,10,24685
2,2,0
4,6,15988
5,6,10082
6,7,23750
3,5,22197
3,5,39416
4,6,26391
2,8,9984
5,7,13116
5,10,34120
3,6,23536
4,6,13856
2,5,27858
2,5,46964
3,6,32052
4,5,17696
1,6,22290
4,5,25422
4,8,64885
2,4,48148
3,4,26162
4,5,39830
1,3,46317
1,3,71576
2,4,50511
4,5,17640
1,6,22402
4,5,25534
4,8,65165
0,0,0
2,4,48372
4,5,39942
1,3,46485
1,3,71800
2,4,50679
4,5,20902
4,8,53585
0,0,0
2,4,39108
3,4,21642
4,5,35310
1,3,39537
2,4,43731
0,3,72711
3,7,7755
6,6,12453
6,9,26502
6,6,10992
5,5,13563
6,6,34065
3,4,27516
3,4,46670
4,5,33108
1,7,17790
2,3,62676
4,6,22488
4,9,46572
0,1,37965
4,6,17682
3,5,23598
4,6,44100
1,4,40896
1,4,63395
2,5,46488
1,7,31215
4,6,35913
4,9,73422
0,1,42440
4,6,26632
3,5,37023
4,6,57525
1,4,58796
1,4,85770
2,5,64388
2,3,63681
1,7,16785
4,9,44562
4,6,17012
4,6,43095
1,4,39556
1,4,61720
4,8,54995
0,0,0
4,5,12078
3,4,22206
4,5,35874
1,3,40383
1,3,63664
2,7,17830
5,6,20962
5,9,53735
1,1,0
5,6,11826
3,5,39228
2,4,39627
3,5,43821
2,2,0
2,8,2816
5,10,17752
5,7,10845
3,6,9576
2,5,24990
2,5,44718
3,6,31980
2,7,11542
2,3,44190
5,6,14674
5,9,38015
5,6,8682
3,5,26652
2,4,30195
2,4,50080
3,5,34389
1,6,20782
4,5,23914
4,8,61115
4,5,13302
2,4,45132
4,5,38322
1,3,44055
4,5,21022
4,8,53885
0,0,0
4,5,11856
2,4,39348
1,3,39717
1,3,62776
2,4,43911
3,8,7518
6,7,12216
6,10,26028
2,2,34541
4,6,16990
5,6,13326
3,5,27200
3,5,46275
2,7,16698
5,6,19830
5,9,50905
1,1,0
5,6,11260
3,5,36964
4,5,20570
2,4,37929
2,4,60392
3,5,42123
2,7,18370
5,6,21502
5,9,55085
3,5,40308
4,5,22242
2,4,40437
2,4,63736
3,5,44631
1,7,25665
4,6,30363
4,9,62322
4,6,22932
2,5,47235
3,5,31473
1,4,51396
1,4,76520
1,2,52350
1,7,12147
4,9,35286
4,6,13920
3,5,17955
4,6,38457
1,4,53990
2,5,38964
2,7,16106
5,9,49425
1,1,0
5,6,10964
4,5,19978
2,4,59208
3,5,41235
4,6,23958
4,9,49512
0,1,38455
3,5,25068
4,6,45570
1,4,65845
1,3,78856
4,5,30201
0,0,40536
4,5,22824
2,4,46965
3,4,31311
4,5,51813
1,3,76250
2,4,56772
1,6,20122
4,8,59465
0,0,0
4,5,12972
3,4,23994
4,5,37662
1,3,67240
2,4,47259
1,3,89160
1,6,20778
4,5,23910
4,8,61105
0,0,0
4,5,13300
2,4,45124
3,4,24650
4,5,38318
1,3,44049
2,4,48243
5,8,-8195
1,3,86490
3,7,-16191
4,7,-6345
5,8,27825
2,6,6534
3,7,14922
1,6,19275
4,5,23973
4,8,49542
0,0,38460
2,4,36585
3,4,25083
1,3,42876
2,4,48468
4,9,54859
0,1,76080
2,5,41382
3,5,31764
4,6,59100
1,4,51495
1,4,76524
2,8,5912
5,7,9044
5,10,23940
1,2,0
5,7,5867
3,6,15392
4,6,9784
5,7,23452
2,5,21750
2,5,38820
2,7,25935
5,6,30633
1,1,40680
3,5,47685
4,5,31743
2,4,51756
2,4,76970
1,6,19518
4,5,22650
0,0,0
4,5,12670
4,5,37058
1,3,42159
1,3,66032
1,6,22234
4,5,25366
0,0,0
2,4,48036
3,4,26106
4,5,39774
1,3,46233
1,3,71464
1,3,51777
6,4,15956
2,4,0
1,7,17484
1,3,64806
4,8,13332
2,4,38064
4,5,27176
2,6,63260
2,4,14013
3,2,0
0,4,48126
4,6,19580
1,5,37270
5,4,37911
6,5,26940
5,4,15942
7,4,22272
3,6,53349
4,3,22451
2,3,42318
3,4,50430
3,6,14952
2,4,34296
5,3,34796
3,7,7240
1,4,37430
4,6,17864
5,7,14204
4,7,17414
1,4,39436
2,5,33594
4,5,28604
0,2,58020
4,3,42404
2,3,44606
3,2,25515
6,4,10120
4,6,17660
3,5,42459
5,3,0
4,5,15317
6,8,5904
2,4,22125
2,6,23742
2,5,42752
4,5,14898
1,3,0
2,6,42526
4,6,44460
5,3,17248
5,2,37130
4,7,27006
4,3,38156
5,4,25582
4,3,38924
5,5,20256
4,2,25117
5,6,18933
3,2,42120
6,4,24843
2,4,38180
3,6,60825
5,3,28196
3,5,39819
7,5,12156
5,6,2247
1,3,46638
3,4,36482
5,8,21124
3,4,55263
3,5,41943
3,5,9869
3,5,49934
6,8,8533
5,7,7701
2,4,53320
2,8,12282
4,6,14852
3,3,0
3,8,51930
3,7,22617
7,5,11895
5,7,4496
2,2,27904
4,3,23947
3,3,44278
5,7,23172
6,8,11162
2,5,66456
2,4,66474
2,5,29412
4,7,11344
1,3,85257
1,8,19230
0,2,0
5,6,3963
2,4,21114
3,4,17126
0,6,25198
3,5,27471
2,4,20982
3,7,5907
4,6,12934
2,7,34776
2,2,28170
2,4,34302
3,4,12526
3,4,23552
2,4,31656
2,3,34214
4,6,29964
4,4,29566
5,3,26450
3,4,27368
2,5,68436
0,6,27916
3,2,0
4,6,16920
4,4,27406
3,4,17486
5,5,13764
4,6,32156
5,9,23442
0,4,49984
4,8,15618
4,6,15220
3,6,5300
6,5,14114
5,8,17826
4,5,24587
5,6,17428
4,6,7508
3,6,63792
1,7,25594
3,5,28164
5,7,18034
4,4,30534
2,5,69976
2,4,16378
3,4,20614
3,7,63380
3,6,23120
4,5,0
5,3,26780
4,4,30094
4,6,20873
3,5,13539
3,5,25578
4,6,26265
5,7,26904
3,5,14364
4,6,20048
4,6,15411
1,3,48504
5,5,19270
1,4,44188
4,4,13666
2,4,40512
2,4,14742
0,6,25414
4,7,16468
2,1,0
3,7,-3372
0,9,12772
6,4,20846
5,3,16240
2,2,51524
3,4,50343
6,4,11944
3,6,23214
3,7,22041
3,6,43016
5,2,34538
5,2,33170
0,5,43066
6,4,21032
6,3,31046
6,5,23811
5,3,19975
4,3,32036
5,6,16901
4,3,31892
4,5,23727
4,4,29134
5,4,31904
4,6,27264
1,3,18345
3,5,21942
4,4,20841
1,5,42156
5,6,29152
6,8,16486
3,3,35770
5,7,14556
5,4,32370
4,2,37800
4,4,21408
3,2,39528
5,4,22008
5,3,30780
4,6,12780
3,6,20324
2,3,24995
3,7,-1340
0,5,41776
5,8,15079
2,6,26193
3,4,40503
1,5,51714
5,6,35524
3,7,28803
5,8,-1536
2,2,27162
3,6,24354
4,5,23579
4,7,21168
4,6,18572
1,4,54006
2,7,39236
5,5,33255
2,6,26924
2,6,24190
6,7,11798
2,5,31618
1,4,34024
4,6,27606
2,5,62052
4,7,6612
3,5,26370
3,7,10132
0,5,57048
4,5,20192
3,5,52416
3,6,32248
3,4,31966
2,5,14958
4,6,0
3,7,14488
2,4,19266
3,3,30484
0,4,44694
5,7,16318
3,6,27270
3,5,68475
4,5,41990
5,7,41739
3,6,37622
4,4,28268
5,5,22268
3,4,24642
4,4,16538
1,7,21788
6,8,10249
4,6,42914
2,5,46402
6,5,18760
5,4,22724
3,4,49000
2,5,70476
2,6,32728
3,5,42712
5,5,14520
2,8,18402
7,9,8556
3,5,39064
