label,exact_pf,ranker_audit_pf,pf_delta,coverage,exact_coverage,ranker_audit_coverage,exact_uncovered,ranker_audit_uncovered,exact_validations,ranker_audit_validations,exact_uncached_boxes,ranker_audit_uncached_boxes,exact_subprocess_seconds,ranker_audit_subprocess_seconds,exact_elapsed_seconds,ranker_audit_elapsed_seconds,validation_reduction_pct,uncached_box_reduction_pct,subprocess_reduction_pct,elapsed_reduction_pct,ranker_pf,ranker_elapsed_seconds,ranker_stop_reason,exact_summary_path,frontier_summary_path,exact_run_dir,ranker_audit_run_dir
"seed1:test[0,100)",1.8908695471220114,1.8908695471220114,0.0,1.0,1.0,1.0,0,0,10620,8620,976,932,511.3662560028024,492.2233855011873,696.5627001998946,646.838269200176,18.832391713747647,4.508196721311475,3.7434754986082224,7.138543448486266,1.9860883908825475,181.30057979980484,time_limit,BoxDesignSurrogateRL\results\ranker_window_protocol_seed1_offset0_20260705\protocol_20260705_013941\seed1_test0_100\exact\staged_greedy\run_20260705_013943_252662\summary.json,BoxDesignSurrogateRL\results\aa_s1r\manifest_frontier_20260705_103217\00_s1_o0\ranker\frontier_20260705_103217\frontier_summary.json,BoxDesignSurrogateRL\results\ranker_window_protocol_seed1_offset0_20260705\protocol_20260705_013941\seed1_test0_100\exact\staged_greedy\run_20260705_013943_252662,BoxDesignSurrogateRL\results\aa_s1r\manifest_frontier_20260705_103217\00_s1_o0\ranker\staged_greedy\run_20260705_103522_169770
"seed1:test[100,200)",2.2084188336212223,2.2084188336212223,0.0,1.0,1.0,1.0,0,0,26280,25120,2421,2338,1307.7590284030885,1269.977792573627,1814.9035522001795,1742.7348157004453,4.41400304414003,3.4283353985956215,2.889005926083817,3.9764502313219445,2.7244467591323454,180.754416000098,time_limit,BoxDesignSurrogateRL\results\ranker_window_protocol_seed1_offset100_20260705\protocol_20260705_020930\s1_o100\e\staged_greedy\run_20260705_020932_158758\summary.json,BoxDesignSurrogateRL\results\aa_s1r\manifest_frontier_20260705_103217\01_s1_o100\ranker\frontier_20260705_104308\frontier_summary.json,BoxDesignSurrogateRL\results\ranker_window_protocol_seed1_offset100_20260705\protocol_20260705_020930\s1_o100\e\staged_greedy\run_20260705_020932_158758,BoxDesignSurrogateRL\results\aa_s1r\manifest_frontier_20260705_103217\01_s1_o100\ranker\staged_greedy\run_20260705_104612_280001
"seed1:test[200,300)",2.031520138060319,2.031520138060319,0.0,1.0,1.0,1.0,0,0,9420,8220,951,931,524.6429944089614,515.5744674005546,692.044012799859,671.0917504001409,12.738853503184714,2.1030494216614093,1.7285138856419882,3.0275910219857094,2.161022314649989,181.0808073002845,time_limit,BoxDesignSurrogateRL\results\ranker_window_protocol_seed1_offset200_20260705\protocol_20260705_031522\s1_o200\e\staged_greedy\run_20260705_031524_540993\summary.json,BoxDesignSurrogateRL\results\aa_s1r\manifest_frontier_20260705_103217\02_s1_o200\ranker\frontier_20260705_111214\frontier_summary.json,BoxDesignSurrogateRL\results\ranker_window_protocol_seed1_offset200_20260705\protocol_20260705_031522\s1_o200\e\staged_greedy\run_20260705_031524_540993,BoxDesignSurrogateRL\results\aa_s1r\manifest_frontier_20260705_103217\02_s1_o200\ranker\staged_greedy\run_20260705_111519_408121
"seed1:test[300,400)",1.8968685619683556,1.8968685619683556,0.0,1.0,1.0,1.0,0,0,15540,13620,1411,1323,864.6081348038279,799.2194985090755,1144.233303599991,1038.2689159000292,12.355212355212355,6.236711552090716,7.562806046185129,9.260732699055003,2.1800241200528716,182.04707620013505,time_limit,BoxDesignSurrogateRL\results\ranker_window_protocol_seed1_offset300_20260705\protocol_20260705_034349\s1_o300\e\staged_greedy\run_20260705_034351_204536\summary.json,BoxDesignSurrogateRL\results\aa_s1r\manifest_frontier_20260705_103217\03_s1_o300\ranker\frontier_20260705_112330\frontier_summary.json,BoxDesignSurrogateRL\results\ranker_window_protocol_seed1_offset300_20260705\protocol_20260705_034349\s1_o300\e\staged_greedy\run_20260705_034351_204536,BoxDesignSurrogateRL\results\aa_s1r\manifest_frontier_20260705_103217\03_s1_o300\ranker\staged_greedy\run_20260705_112635_336997
"seed1:test[400,500)",1.9910783173128839,1.9910783173128839,0.0,1.0,1.0,1.0,0,0,7920,4280,716,480,397.6499493117444,265.5042429016903,528.620918800123,349.44644720014185,45.95959595959596,32.960893854748605,33.23166685643313,33.89469943918903,2.0168002640791296,181.17537340009585,time_limit,BoxDesignSurrogateRL\results\ranker_window_protocol_seed1_offset400_20260705\protocol_20260705_042122\s1_o400\e\staged_greedy\run_20260705_042124_108806\summary.json,BoxDesignSurrogateRL\results\aa_s1r\manifest_frontier_20260705_103217\04_s1_o400\ranker\frontier_20260705_114052\frontier_summary.json,BoxDesignSurrogateRL\results\ranker_window_protocol_seed1_offset400_20260705\protocol_20260705_042122\s1_o400\e\staged_greedy\run_20260705_042124_108806,BoxDesignSurrogateRL\results\aa_s1r\manifest_frontier_20260705_103217\04_s1_o400\ranker\staged_greedy\run_20260705_114356_550165
"seed2:test[0,100)",1.938000967392958,1.938000967392958,0.0,1.0,1.0,1.0,0,0,9840,7800,906,853,471.61411920236424,442.3404661989771,641.3275569002144,585.9211275000125,20.73170731707317,5.849889624724062,6.207119721711759,8.639333957206317,2.0339151518733316,181.18010230036452,time_limit,BoxDesignSurrogateRL\results\ranker_window_protocol_seed2_offsets0_400_20260705\protocol_20260705_044331\s2_o0\e\staged_greedy\run_20260705_044332_997247\summary.json,BoxDesignSurrogateRL\results\ranker_assignment_aware_seed2_manifest_20260705\manifest_frontier_20260705_091502\00_s2_o0\ranker\frontier_20260705_091502\frontier_summary.json,BoxDesignSurrogateRL\results\ranker_window_protocol_seed2_offsets0_400_20260705\protocol_20260705_044331\s2_o0\e\staged_greedy\run_20260705_044332_997247,BoxDesignSurrogateRL\results\ranker_assignment_aware_seed2_manifest_20260705\manifest_frontier_20260705_091502\00_s2_o0\ranker\staged_greedy\run_20260705_091807_434352
"seed2:test[100,200)",2.2095968714191967,2.2095968714191967,0.0,1.0,1.0,1.0,0,0,16200,15120,1579,1523,853.3800219018012,824.3479977068491,1155.2792613999918,1088.9027399001643,6.666666666666667,3.546548448385054,3.402004200924782,5.745495805004847,2.505903982827757,180.61725760018453,time_limit,BoxDesignSurrogateRL\results\ranker_window_protocol_seed2_offsets0_400_20260705\protocol_20260705_044331\s2_o100\e\staged_greedy\run_20260705_050315_090641\summary.json,BoxDesignSurrogateRL\results\aa_s2r\manifest_frontier_20260705_092835\01_s2_o100\ranker\frontier_20260705_092835\frontier_summary.json,BoxDesignSurrogateRL\results\ranker_window_protocol_seed2_offsets0_400_20260705\protocol_20260705_044331\s2_o100\e\staged_greedy\run_20260705_050315_090641,BoxDesignSurrogateRL\results\aa_s2r\manifest_frontier_20260705_092835\01_s2_o100\ranker\staged_greedy\run_20260705_093139_388886
"seed2:test[200,300)",1.9186301367838017,1.9186301367838017,0.0,1.0,1.0,1.0,0,0,9480,8280,964,928,553.5629822034389,529.5180313880555,728.1239224001765,694.4606051002629,12.658227848101266,3.7344398340248963,4.343670293789015,4.623295055180494,2.037579436171307,180.04677350027487,time_limit,BoxDesignSurrogateRL\results\ranker_window_protocol_seed2_offsets0_400_20260705\protocol_20260705_044331\s2_o200\e\staged_greedy\run_20260705_054048_841547\summary.json,BoxDesignSurrogateRL\results\aa_s2r\manifest_frontier_20260705_092835\02_s2_o200\ranker\frontier_20260705_094648\frontier_summary.json,BoxDesignSurrogateRL\results\ranker_window_protocol_seed2_offsets0_400_20260705\protocol_20260705_044331\s2_o200\e\staged_greedy\run_20260705_054048_841547,BoxDesignSurrogateRL\results\aa_s2r\manifest_frontier_20260705_092835\02_s2_o200\ranker\staged_greedy\run_20260705_094951_640618
"seed2:test[300,400)",1.9960143396640246,1.9960143396640246,0.0,1.0,1.0,1.0,0,0,7860,5820,793,672,475.6722227069549,407.02116039255634,620.7365317000076,530.221246200148,25.954198473282442,15.258511979823455,14.43243036638112,14.581916945014642,2.1118666146340135,181.99466770002618,time_limit,BoxDesignSurrogateRL\results\ranker_window_protocol_seed2_offsets0_400_20260705\protocol_20260705_044331\s2_o300\e\staged_greedy\run_20260705_060348_025500\summary.json,BoxDesignSurrogateRL\results\aa_s2r\manifest_frontier_20260705_092835\03_s2_o300\ranker\frontier_20260705_095826\frontier_summary.json,BoxDesignSurrogateRL\results\ranker_window_protocol_seed2_offsets0_400_20260705\protocol_20260705_044331\s2_o300\e\staged_greedy\run_20260705_060348_025500,BoxDesignSurrogateRL\results\aa_s2r\manifest_frontier_20260705_092835\03_s2_o300\ranker\staged_greedy\run_20260705_100132_064571
"seed2:test[400,500)",1.992955575039261,1.992955575039261,0.0,1.0,1.0,1.0,0,0,23160,21040,2063,1943,1043.8999098031782,977.5555043001659,1425.8324214001186,1367.2485507000238,9.153713298791018,5.816771691711101,6.355437420769691,4.1087486734638485,2.1429548463016515,180.73427989985794,time_limit,BoxDesignSurrogateRL\results\ranker_window_protocol_seed2_offsets0_400_20260705\protocol_20260705_044331\s2_o400\e\staged_greedy\run_20260705_062428_460628\summary.json,BoxDesignSurrogateRL\results\aa_s2r\manifest_frontier_20260705_092835\04_s2_o400\ranker\frontier_20260705_100720\frontier_summary.json,BoxDesignSurrogateRL\results\ranker_window_protocol_seed2_offsets0_400_20260705\protocol_20260705_044331\s2_o400\e\staged_greedy\run_20260705_062428_460628,BoxDesignSurrogateRL\results\aa_s2r\manifest_frontier_20260705_092835\04_s2_o400\ranker\staged_greedy\run_20260705_101024_941121
"seed3:test[0,100)",1.9780321463981043,1.9780321463981043,0.0,1.0,1.0,1.0,0,0,8580,3730,804,685,438.0488540972583,369.56937319785357,600.8094476996921,460.68402740033343,56.526806526806524,14.800995024875622,15.632841008231585,23.322772442386558,1.9780321463981043,456.6895515001379,,C:\Users\Lenovo\Downloads\Operation-Research\BoxDesignSurrogateRL\results\aa_s3_protocol\protocol_20260705_120026\s3_o0\e\staged_greedy\run_20260705_120027_601652\summary.json,C:\Users\Lenovo\Downloads\Operation-Research\BoxDesignSurrogateRL\results\aa_s3_o0_ranker900\manifest_frontier_20260705_122155\00_s3_o0\ranker\frontier_20260705_122155\frontier_summary.json,C:\Users\Lenovo\Downloads\Operation-Research\BoxDesignSurrogateRL\results\aa_s3_protocol\protocol_20260705_120026\s3_o0\e\staged_greedy\run_20260705_120027_601652,C:\Users\Lenovo\Downloads\Operation-Research\BoxDesignSurrogateRL\results\aa_s3_o0_ranker900\manifest_frontier_20260705_122155\00_s3_o0\ranker\staged_greedy\run_20260705_122935_855430
"seed3:test[100,200)",2.1883726049921033,2.1883726049921033,0.0,1.0,1.0,1.0,0,0,19980,10460,1894,1442,1019.8061185078695,793.9161422038451,1374.9554707999341,1035.2469004997984,47.647647647647645,23.864836325237594,22.15028643234026,24.706877969109577,2.288261830784905,900.2674620999023,time_limit,/private/tmp/s3_o100_exact_summary.json,,C:\Users\Lenovo\Downloads\Operation-Research\BoxDesignSurrogateRL\results\aa_s3_ranker900_remaining\protocol_20260705_123141\s3_o100\e\staged_greedy\run_20260705_123143_338638,C:\Users\Lenovo\Downloads\Operation-Research\BoxDesignSurrogateRL\results\aa_s3_ranker900_remaining\protocol_20260705_123141\s3_o100\audit_from_ranker900\staged_greedy\run_20260705_131532_553379
"seed3:test[200,300)",1.932456910103549,1.932456910103549,0.0,1.0,1.0,1.0,0,0,13800,6560,1316,982,753.5054607875645,548.8925378033891,992.4089676998556,699.0927663003094,52.46376811594203,25.379939209726444,27.154802935378036,29.55598054291835,1.9335757288951647,686.0151986000128,,C:\Users\Lenovo\Downloads\Operation-Research\BoxDesignSurrogateRL\results\aa_s3_ranker900_o200_o400\protocol_20260705_132216\s3_o200\e\staged_greedy\run_20260705_132218_547672\summary.json,C:\Users\Lenovo\Downloads\Operation-Research\BoxDesignSurrogateRL\results\aa_s3_ranker900_o200_o400\protocol_20260705_132216\s3_o200\r\frontier_20260705_133851\frontier_summary.json,C:\Users\Lenovo\Downloads\Operation-Research\BoxDesignSurrogateRL\results\aa_s3_ranker900_o200_o400\protocol_20260705_132216\s3_o200\e\staged_greedy\run_20260705_132218_547672,C:\Users\Lenovo\Downloads\Operation-Research\BoxDesignSurrogateRL\results\aa_s3_ranker900_o200_o400\protocol_20260705_132216\s3_o200\r\staged_greedy\run_20260705_135020_904634
"seed3:test[300,400)",2.0360690768531238,2.0360690768531238,0.0,1.0,1.0,1.0,0,0,11040,4380,1129,860,670.9196887002327,499.66973529802635,885.0928576001897,619.9252776000649,60.32608695652174,23.82639503985828,25.524657613486863,29.95929497376028,2.03899643165628,575.412961800117,,C:\Users\Lenovo\Downloads\Operation-Research\BoxDesignSurrogateRL\results\aa_s3_ranker900_o200_o400\protocol_20260705_132216\s3_o300\e\staged_greedy\run_20260705_135036_179543\summary.json,C:\Users\Lenovo\Downloads\Operation-Research\BoxDesignSurrogateRL\results\aa_s3_ranker900_o200_o400\protocol_20260705_132216\s3_o300\r\frontier_20260705_140521\frontier_summary.json,C:\Users\Lenovo\Downloads\Operation-Research\BoxDesignSurrogateRL\results\aa_s3_ranker900_o200_o400\protocol_20260705_132216\s3_o300\e\staged_greedy\run_20260705_135036_179543,C:\Users\Lenovo\Downloads\Operation-Research\BoxDesignSurrogateRL\results\aa_s3_ranker900_o200_o400\protocol_20260705_132216\s3_o300\r\staged_greedy\run_20260705_141500_781048
"seed3:test[400,500)",1.8313420040452688,1.8251207019371196,-0.006221302108149196,1.0,1.0,1.0,0,0,20760,12660,1919,1626,1047.5676293042488,848.1554718008265,1409.260846900288,1131.4877963000908,39.017341040462426,15.268368942157373,19.03573114757886,19.710549059187123,1.834226991109926,903.4637730000541,time_limit,C:\Users\Lenovo\Downloads\Operation-Research\BoxDesignSurrogateRL\results\aa_s3_ranker900_o200_o400\protocol_20260705_132216\s3_o400\e\staged_greedy\run_20260705_141547_454112\summary.json,C:\Users\Lenovo\Downloads\Operation-Research\BoxDesignSurrogateRL\results\aa_s3_ranker900_o200_o400\protocol_20260705_132216\s3_o400\r\frontier_20260705_143917\frontier_summary.json,C:\Users\Lenovo\Downloads\Operation-Research\BoxDesignSurrogateRL\results\aa_s3_ranker900_o200_o400\protocol_20260705_132216\s3_o400\e\staged_greedy\run_20260705_141547_454112,C:\Users\Lenovo\Downloads\Operation-Research\BoxDesignSurrogateRL\results\aa_s3_ranker900_o200_o400\protocol_20260705_132216\s3_o400\r\staged_greedy\run_20260705_145426_857081
"seed4:test[0,100)",1.8035468200399105,1.8035468200399105,0.0,1.0,1.0,1.0,0,0,7800,5450,744,632,407.99257409293205,338.14235069882125,564.9202099000104,457.84660840034485,30.128205128205128,15.053763440860216,17.12046439801142,18.95375658778738,1.8616882228592533,181.93164229998365,time_limit,BoxDesignSurrogateRL\results\aa_seed4_ranker180_extension_20260706_run\protocol_20260706_015055\s4_o0\e\staged_greedy\run_20260706_015057_265081\summary.json,BoxDesignSurrogateRL\results\aa_seed4_ranker180_extension_20260706_run\protocol_20260706_015055\s4_o0\r\frontier_20260706_020022\frontier_summary.json,BoxDesignSurrogateRL\results\aa_seed4_ranker180_extension_20260706_run\protocol_20260706_015055\s4_o0\e\staged_greedy\run_20260706_015057_265081,BoxDesignSurrogateRL\results\aa_seed4_ranker180_extension_20260706_run\protocol_20260706_015055\s4_o0\r\staged_greedy\run_20260706_020328_156629
"seed4:test[100,200)",2.2115194220669134,2.2115194220669134,0.0,1.0,1.0,1.0,0,0,16200,15520,1572,1572,854.2010335936211,858.0490927896462,1164.2882193000987,1160.4540092004463,4.197530864197531,0.0,-0.45048636617031007,0.3293179503231004,2.500952058277637,183.52468640031293,time_limit,BoxDesignSurrogateRL\results\aa_seed4_ranker180_extension_20260706_run\protocol_20260706_015055\s4_o100\e\staged_greedy\run_20260706_020806_287462\summary.json,BoxDesignSurrogateRL\results\aa_seed4_ranker180_extension_20260706_run\protocol_20260706_015055\s4_o100\r\frontier_20260706_022731\frontier_summary.json,BoxDesignSurrogateRL\results\aa_seed4_ranker180_extension_20260706_run\protocol_20260706_015055\s4_o100\e\staged_greedy\run_20260706_020806_287462,BoxDesignSurrogateRL\results\aa_seed4_ranker180_extension_20260706_run\protocol_20260706_015055\s4_o100\r\staged_greedy\run_20260706_023037_965655
"seed4:test[200,300)",2.025700427541918,2.025700427541918,0.0,1.0,1.0,1.0,0,0,9840,8520,991,938,556.437652493827,518.342918200884,754.4286517999135,700.8581306999549,13.414634146341465,5.348133198789102,6.8461819796361905,7.100806812168413,2.2036661707592797,180.96945240022615,time_limit,BoxDesignSurrogateRL\results\aa_seed4_ranker180_extension_20260706_run\protocol_20260706_015055\s4_o200\e\staged_greedy\run_20260706_024657_152105\summary.json,BoxDesignSurrogateRL\results\aa_seed4_ranker180_extension_20260706_run\protocol_20260706_015055\s4_o200\r\frontier_20260706_025932\frontier_summary.json,BoxDesignSurrogateRL\results\aa_seed4_ranker180_extension_20260706_run\protocol_20260706_015055\s4_o200\e\staged_greedy\run_20260706_024657_152105,BoxDesignSurrogateRL\results\aa_seed4_ranker180_extension_20260706_run\protocol_20260706_015055\s4_o200\r\staged_greedy\run_20260706_030236_807629
"seed4:test[300,400)",1.9328496152531485,1.9328496152531485,0.0,1.0,1.0,1.0,0,0,17220,15780,1560,1533,929.1805145018734,902.3191173905507,1235.2813741997816,1219.6923036002554,8.362369337979095,1.7307692307692308,2.890869609520699,1.2619854006642661,2.2896032542365967,181.15673919999972,time_limit,BoxDesignSurrogateRL\results\aa_seed4_ranker180_extension_20260706_run\protocol_20260706_015055\s4_o300\e\staged_greedy\run_20260706_031118_939097\summary.json,BoxDesignSurrogateRL\results\aa_seed4_ranker180_extension_20260706_run\protocol_20260706_015055\s4_o300\r\frontier_20260706_033154\frontier_summary.json,BoxDesignSurrogateRL\results\aa_seed4_ranker180_extension_20260706_run\protocol_20260706_015055\s4_o300\e\staged_greedy\run_20260706_031118_939097,BoxDesignSurrogateRL\results\aa_seed4_ranker180_extension_20260706_run\protocol_20260706_015055\s4_o300\r\staged_greedy\run_20260706_033459_367541
"seed4:test[400,500)",1.8435168811374758,1.8435168811374758,0.0,1.0,1.0,1.0,0,0,12420,11380,1239,1190,701.464427895844,663.4269397980534,952.0299651999958,880.3437944999896,8.373590982286634,3.954802259887006,5.422582612191787,7.529822938393211,2.01194745936289,180.04447280010208,time_limit,BoxDesignSurrogateRL\results\aa_seed4_ranker180_extension_20260706_run\protocol_20260706_015055\s4_o400\e\staged_greedy\run_20260706_035220_301727\summary.json,BoxDesignSurrogateRL\results\aa_seed4_ranker180_extension_20260706_run\protocol_20260706_015055\s4_o400\r\frontier_20260706_040813\frontier_summary.json,BoxDesignSurrogateRL\results\aa_seed4_ranker180_extension_20260706_run\protocol_20260706_015055\s4_o400\e\staged_greedy\run_20260706_035220_301727,BoxDesignSurrogateRL\results\aa_seed4_ranker180_extension_20260706_run\protocol_20260706_015055\s4_o400\r\staged_greedy\run_20260706_041116_419571
seed1+seed2+seed3+seed4 certified ranker+audit window total,window-wise,window-wise,window-wise,1.0,1.0,1.0,0,0,273960,212360,25948,23383,14383.279572723433,12863.766226054635,19381.140192500316,17080.766082303133,22.48503431157833,9.885154925235087,10.564442823946882,11.869137147500386,,6240.407273801975,,,,,
